timestamp, index, name, utilization.gpu [%], utilization.memory [%], memory.used [MiB], memory.total [MiB], power.draw [W]
2026/06/28 18:47:44.709, 0, NVIDIA H100 80GB HBM3, 0 %, 0 %, 0 MiB, 81559 MiB, 68.11 W
2026/06/28 18:47:45.715, 0, NVIDIA H100 80GB HBM3, 0 %, 0 %, 0 MiB, 81559 MiB, 68.06 W
2026/06/28 18:47:46.715, 0, NVIDIA H100 80GB HBM3, 0 %, 0 %, 0 MiB, 81559 MiB, 68.07 W
2026/06/28 18:47:47.716, 0, NVIDIA H100 80GB HBM3, 0 %, 0 %, 0 MiB, 81559 MiB, 68.06 W
2026/06/28 18:47:48.716, 0, NVIDIA H100 80GB HBM3, 0 %, 0 %, 0 MiB, 81559 MiB, 68.07 W
2026/06/28 18:47:49.716, 0, NVIDIA H100 80GB HBM3, 0 %, 0 %, 0 MiB, 81559 MiB, 68.10 W
2026/06/28 18:47:50.717, 0, NVIDIA H100 80GB HBM3, 0 %, 0 %, 0 MiB, 81559 MiB, 68.12 W
2026/06/28 18:47:51.717, 0, NVIDIA H100 80GB HBM3, 0 %, 0 %, 0 MiB, 81559 MiB, 68.07 W
2026/06/28 18:47:52.717, 0, NVIDIA H100 80GB HBM3, 0 %, 0 %, 0 MiB, 81559 MiB, 68.04 W
2026/06/28 18:47:53.718, 0, NVIDIA H100 80GB HBM3, 0 %, 0 %, 531 MiB, 81559 MiB, 92.01 W
2026/06/28 18:47:54.718, 0, NVIDIA H100 80GB HBM3, 0 %, 0 %, 533 MiB, 81559 MiB, 116.30 W
2026/06/28 18:47:55.719, 0, NVIDIA H100 80GB HBM3, 0 %, 0 %, 541 MiB, 81559 MiB, 116.31 W
2026/06/28 18:47:56.719, 0, NVIDIA H100 80GB HBM3, 0 %, 0 %, 541 MiB, 81559 MiB, 116.28 W
2026/06/28 18:47:57.719, 0, NVIDIA H100 80GB HBM3, 0 %, 0 %, 541 MiB, 81559 MiB, 116.35 W
2026/06/28 18:47:58.720, 0, NVIDIA H100 80GB HBM3, 0 %, 0 %, 541 MiB, 81559 MiB, 116.33 W
2026/06/28 18:47:59.720, 0, NVIDIA H100 80GB HBM3, 0 %, 0 %, 541 MiB, 81559 MiB, 116.35 W
2026/06/28 18:48:00.720, 0, NVIDIA H100 80GB HBM3, 0 %, 0 %, 541 MiB, 81559 MiB, 116.39 W
2026/06/28 18:48:01.721, 0, NVIDIA H100 80GB HBM3, 0 %, 0 %, 541 MiB, 81559 MiB, 116.36 W
2026/06/28 18:48:02.721, 0, NVIDIA H100 80GB HBM3, 0 %, 0 %, 541 MiB, 81559 MiB, 116.36 W
2026/06/28 18:48:03.721, 0, NVIDIA H100 80GB HBM3, 0 %, 0 %, 541 MiB, 81559 MiB, 116.29 W
2026/06/28 18:48:04.722, 0, NVIDIA H100 80GB HBM3, 0 %, 0 %, 541 MiB, 81559 MiB, 116.34 W
2026/06/28 18:48:05.722, 0, NVIDIA H100 80GB HBM3, 0 %, 0 %, 561 MiB, 81559 MiB, 116.47 W
2026/06/28 18:48:06.722, 0, NVIDIA H100 80GB HBM3, 0 %, 0 %, 561 MiB, 81559 MiB, 116.52 W
2026/06/28 18:48:07.723, 0, NVIDIA H100 80GB HBM3, 0 %, 0 %, 561 MiB, 81559 MiB, 116.57 W
2026/06/28 18:48:08.723, 0, NVIDIA H100 80GB HBM3, 0 %, 0 %, 561 MiB, 81559 MiB, 116.49 W
2026/06/28 18:48:09.723, 0, NVIDIA H100 80GB HBM3, 0 %, 0 %, 569 MiB, 81559 MiB, 116.55 W
2026/06/28 18:48:10.724, 0, NVIDIA H100 80GB HBM3, 0 %, 0 %, 541 MiB, 81559 MiB, 116.56 W
2026/06/28 18:48:11.724, 0, NVIDIA H100 80GB HBM3, 0 %, 0 %, 541 MiB, 81559 MiB, 116.60 W
2026/06/28 18:48:12.724, 0, NVIDIA H100 80GB HBM3, 4 %, 0 %, 541 MiB, 81559 MiB, 116.63 W
2026/06/28 18:48:13.725, 0, NVIDIA H100 80GB HBM3, 0 %, 0 %, 541 MiB, 81559 MiB, 116.63 W
2026/06/28 18:48:14.725, 0, NVIDIA H100 80GB HBM3, 0 %, 0 %, 541 MiB, 81559 MiB, 116.68 W
2026/06/28 18:48:15.725, 0, NVIDIA H100 80GB HBM3, 0 %, 0 %, 541 MiB, 81559 MiB, 116.64 W
2026/06/28 18:48:16.726, 0, NVIDIA H100 80GB HBM3, 0 %, 0 %, 541 MiB, 81559 MiB, 116.67 W
2026/06/28 18:48:17.726, 0, NVIDIA H100 80GB HBM3, 0 %, 0 %, 541 MiB, 81559 MiB, 116.68 W
2026/06/28 18:48:18.726, 0, NVIDIA H100 80GB HBM3, 0 %, 0 %, 545 MiB, 81559 MiB, 116.60 W
2026/06/28 18:48:19.727, 0, NVIDIA H100 80GB HBM3, 4 %, 0 %, 541 MiB, 81559 MiB, 116.76 W
2026/06/28 18:48:20.727, 0, NVIDIA H100 80GB HBM3, 0 %, 0 %, 541 MiB, 81559 MiB, 116.65 W
2026/06/28 18:48:21.728, 0, NVIDIA H100 80GB HBM3, 0 %, 0 %, 541 MiB, 81559 MiB, 116.63 W
2026/06/28 18:48:22.728, 0, NVIDIA H100 80GB HBM3, 0 %, 0 %, 541 MiB, 81559 MiB, 116.63 W
2026/06/28 18:48:23.728, 0, NVIDIA H100 80GB HBM3, 0 %, 0 %, 541 MiB, 81559 MiB, 116.59 W
2026/06/28 18:48:24.729, 0, NVIDIA H100 80GB HBM3, 0 %, 0 %, 541 MiB, 81559 MiB, 116.63 W
2026/06/28 18:48:25.729, 0, NVIDIA H100 80GB HBM3, 4 %, 0 %, 541 MiB, 81559 MiB, 116.72 W
2026/06/28 18:48:26.729, 0, NVIDIA H100 80GB HBM3, 0 %, 0 %, 541 MiB, 81559 MiB, 116.71 W
2026/06/28 18:48:27.730, 0, NVIDIA H100 80GB HBM3, 0 %, 0 %, 541 MiB, 81559 MiB, 116.67 W
2026/06/28 18:48:28.730, 0, NVIDIA H100 80GB HBM3, 0 %, 0 %, 541 MiB, 81559 MiB, 116.69 W
2026/06/28 18:48:29.730, 0, NVIDIA H100 80GB HBM3, 0 %, 0 %, 541 MiB, 81559 MiB, 116.71 W
2026/06/28 18:48:30.731, 0, NVIDIA H100 80GB HBM3, 0 %, 0 %, 541 MiB, 81559 MiB, 116.69 W
2026/06/28 18:48:31.731, 0, NVIDIA H100 80GB HBM3, 0 %, 0 %, 545 MiB, 81559 MiB, 116.76 W
2026/06/28 18:48:32.731, 0, NVIDIA H100 80GB HBM3, 1 %, 0 %, 541 MiB, 81559 MiB, 116.74 W
2026/06/28 18:48:33.732, 0, NVIDIA H100 80GB HBM3, 0 %, 0 %, 541 MiB, 81559 MiB, 116.71 W
2026/06/28 18:48:34.732, 0, NVIDIA H100 80GB HBM3, 0 %, 0 %, 541 MiB, 81559 MiB, 116.70 W
2026/06/28 18:48:35.732, 0, NVIDIA H100 80GB HBM3, 0 %, 0 %, 541 MiB, 81559 MiB, 116.66 W
2026/06/28 18:48:36.733, 0, NVIDIA H100 80GB HBM3, 0 %, 0 %, 541 MiB, 81559 MiB, 116.67 W
2026/06/28 18:48:37.733, 0, NVIDIA H100 80GB HBM3, 0 %, 0 %, 541 MiB, 81559 MiB, 116.72 W
2026/06/28 18:48:38.734, 0, NVIDIA H100 80GB HBM3, 0 %, 0 %, 545 MiB, 81559 MiB, 116.63 W
2026/06/28 18:48:39.734, 0, NVIDIA H100 80GB HBM3, 1 %, 0 %, 541 MiB, 81559 MiB, 116.83 W
2026/06/28 18:48:40.734, 0, NVIDIA H100 80GB HBM3, 0 %, 0 %, 541 MiB, 81559 MiB, 116.70 W
2026/06/28 18:48:41.735, 0, NVIDIA H100 80GB HBM3, 0 %, 0 %, 541 MiB, 81559 MiB, 116.74 W
2026/06/28 18:48:42.735, 0, NVIDIA H100 80GB HBM3, 0 %, 0 %, 541 MiB, 81559 MiB, 116.72 W
2026/06/28 18:48:43.735, 0, NVIDIA H100 80GB HBM3, 0 %, 0 %, 541 MiB, 81559 MiB, 116.79 W
2026/06/28 18:48:44.736, 0, NVIDIA H100 80GB HBM3, 0 %, 0 %, 541 MiB, 81559 MiB, 116.73 W
2026/06/28 18:48:45.736, 0, NVIDIA H100 80GB HBM3, 5 %, 0 %, 541 MiB, 81559 MiB, 116.78 W
2026/06/28 18:48:46.736, 0, NVIDIA H100 80GB HBM3, 0 %, 0 %, 541 MiB, 81559 MiB, 116.79 W
2026/06/28 18:48:47.737, 0, NVIDIA H100 80GB HBM3, 0 %, 0 %, 541 MiB, 81559 MiB, 116.61 W
2026/06/28 18:48:48.737, 0, NVIDIA H100 80GB HBM3, 0 %, 0 %, 541 MiB, 81559 MiB, 116.71 W
2026/06/28 18:48:49.737, 0, NVIDIA H100 80GB HBM3, 0 %, 0 %, 541 MiB, 81559 MiB, 116.66 W
2026/06/28 18:48:50.738, 0, NVIDIA H100 80GB HBM3, 0 %, 0 %, 541 MiB, 81559 MiB, 116.74 W
2026/06/28 18:48:51.738, 0, NVIDIA H100 80GB HBM3, 0 %, 0 %, 541 MiB, 81559 MiB, 116.74 W
2026/06/28 18:48:52.738, 0, NVIDIA H100 80GB HBM3, 5 %, 0 %, 541 MiB, 81559 MiB, 116.83 W
2026/06/28 18:48:53.738, 0, NVIDIA H100 80GB HBM3, 0 %, 0 %, 541 MiB, 81559 MiB, 116.77 W
2026/06/28 18:48:54.739, 0, NVIDIA H100 80GB HBM3, 0 %, 0 %, 541 MiB, 81559 MiB, 116.82 W
2026/06/28 18:48:55.739, 0, NVIDIA H100 80GB HBM3, 0 %, 0 %, 541 MiB, 81559 MiB, 116.72 W
2026/06/28 18:48:56.740, 0, NVIDIA H100 80GB HBM3, 0 %, 0 %, 541 MiB, 81559 MiB, 116.74 W
2026/06/28 18:48:57.740, 0, NVIDIA H100 80GB HBM3, 0 %, 0 %, 541 MiB, 81559 MiB, 116.81 W
2026/06/28 18:48:58.740, 0, NVIDIA H100 80GB HBM3, 5 %, 0 %, 541 MiB, 81559 MiB, 116.79 W
2026/06/28 18:48:59.741, 0, NVIDIA H100 80GB HBM3, 0 %, 0 %, 541 MiB, 81559 MiB, 116.71 W
2026/06/28 18:49:00.741, 0, NVIDIA H100 80GB HBM3, 0 %, 0 %, 541 MiB, 81559 MiB, 116.68 W
2026/06/28 18:49:01.741, 0, NVIDIA H100 80GB HBM3, 0 %, 0 %, 541 MiB, 81559 MiB, 116.74 W
2026/06/28 18:49:02.742, 0, NVIDIA H100 80GB HBM3, 0 %, 0 %, 541 MiB, 81559 MiB, 116.75 W
2026/06/28 18:49:03.742, 0, NVIDIA H100 80GB HBM3, 0 %, 0 %, 541 MiB, 81559 MiB, 116.69 W
2026/06/28 18:49:04.742, 0, NVIDIA H100 80GB HBM3, 0 %, 0 %, 545 MiB, 81559 MiB, 116.70 W
2026/06/28 18:49:05.743, 0, NVIDIA H100 80GB HBM3, 2 %, 0 %, 541 MiB, 81559 MiB, 116.81 W
2026/06/28 18:49:06.743, 0, NVIDIA H100 80GB HBM3, 0 %, 0 %, 541 MiB, 81559 MiB, 116.81 W
2026/06/28 18:49:07.743, 0, NVIDIA H100 80GB HBM3, 0 %, 0 %, 541 MiB, 81559 MiB, 116.82 W
2026/06/28 18:49:08.744, 0, NVIDIA H100 80GB HBM3, 0 %, 0 %, 541 MiB, 81559 MiB, 116.76 W
2026/06/28 18:49:09.744, 0, NVIDIA H100 80GB HBM3, 0 %, 0 %, 541 MiB, 81559 MiB, 116.78 W
2026/06/28 18:49:10.744, 0, NVIDIA H100 80GB HBM3, 0 %, 0 %, 541 MiB, 81559 MiB, 116.72 W
2026/06/28 18:49:11.745, 0, NVIDIA H100 80GB HBM3, 4 %, 0 %, 541 MiB, 81559 MiB, 116.77 W
2026/06/28 18:49:12.745, 0, NVIDIA H100 80GB HBM3, 0 %, 0 %, 541 MiB, 81559 MiB, 116.73 W
2026/06/28 18:49:13.745, 0, NVIDIA H100 80GB HBM3, 0 %, 0 %, 541 MiB, 81559 MiB, 116.69 W
2026/06/28 18:49:14.746, 0, NVIDIA H100 80GB HBM3, 0 %, 0 %, 541 MiB, 81559 MiB, 116.77 W
2026/06/28 18:49:15.746, 0, NVIDIA H100 80GB HBM3, 0 %, 0 %, 541 MiB, 81559 MiB, 116.82 W
2026/06/28 18:49:16.746, 0, NVIDIA H100 80GB HBM3, 0 %, 0 %, 541 MiB, 81559 MiB, 116.77 W
2026/06/28 18:49:17.747, 0, NVIDIA H100 80GB HBM3, 3 %, 0 %, 541 MiB, 81559 MiB, 116.82 W
2026/06/28 18:49:18.747, 0, NVIDIA H100 80GB HBM3, 0 %, 0 %, 541 MiB, 81559 MiB, 116.84 W
2026/06/28 18:49:19.747, 0, NVIDIA H100 80GB HBM3, 0 %, 0 %, 541 MiB, 81559 MiB, 116.72 W
2026/06/28 18:49:20.748, 0, NVIDIA H100 80GB HBM3, 0 %, 0 %, 541 MiB, 81559 MiB, 116.76 W
2026/06/28 18:49:21.748, 0, NVIDIA H100 80GB HBM3, 0 %, 0 %, 541 MiB, 81559 MiB, 116.74 W
2026/06/28 18:49:22.748, 0, NVIDIA H100 80GB HBM3, 0 %, 0 %, 541 MiB, 81559 MiB, 116.74 W
2026/06/28 18:49:23.749, 0, NVIDIA H100 80GB HBM3, 0 %, 0 %, 549 MiB, 81559 MiB, 116.75 W
2026/06/28 18:49:24.749, 0, NVIDIA H100 80GB HBM3, 3 %, 0 %, 541 MiB, 81559 MiB, 116.84 W
2026/06/28 18:49:25.749, 0, NVIDIA H100 80GB HBM3, 0 %, 0 %, 541 MiB, 81559 MiB, 116.79 W
2026/06/28 18:49:26.750, 0, NVIDIA H100 80GB HBM3, 0 %, 0 %, 541 MiB, 81559 MiB, 116.80 W
2026/06/28 18:49:27.750, 0, NVIDIA H100 80GB HBM3, 0 %, 0 %, 541 MiB, 81559 MiB, 116.79 W
2026/06/28 18:49:28.788, 0, NVIDIA H100 80GB HBM3, 0 %, 0 %, 541 MiB, 81559 MiB, 116.83 W
2026/06/28 18:49:29.831, 0, NVIDIA H100 80GB HBM3, 0 %, 0 %, 541 MiB, 81559 MiB, 116.81 W
2026/06/28 18:49:30.870, 0, NVIDIA H100 80GB HBM3, 4 %, 0 %, 541 MiB, 81559 MiB, 116.82 W
2026/06/28 18:49:31.910, 0, NVIDIA H100 80GB HBM3, 0 %, 0 %, 541 MiB, 81559 MiB, 116.74 W
2026/06/28 18:49:32.948, 0, NVIDIA H100 80GB HBM3, 0 %, 0 %, 541 MiB, 81559 MiB, 116.74 W
2026/06/28 18:49:33.988, 0, NVIDIA H100 80GB HBM3, 0 %, 0 %, 541 MiB, 81559 MiB, 116.80 W
2026/06/28 18:49:35.026, 0, NVIDIA H100 80GB HBM3, 0 %, 0 %, 541 MiB, 81559 MiB, 116.79 W
2026/06/28 18:49:36.125, 0, NVIDIA H100 80GB HBM3, 4 %, 0 %, 541 MiB, 81559 MiB, 116.87 W
2026/06/28 18:49:37.168, 0, NVIDIA H100 80GB HBM3, 0 %, 0 %, 541 MiB, 81559 MiB, 116.80 W
2026/06/28 18:49:38.207, 0, NVIDIA H100 80GB HBM3, 0 %, 0 %, 541 MiB, 81559 MiB, 116.81 W
2026/06/28 18:49:39.244, 0, NVIDIA H100 80GB HBM3, 0 %, 0 %, 541 MiB, 81559 MiB, 116.78 W
2026/06/28 18:49:40.283, 0, NVIDIA H100 80GB HBM3, 0 %, 0 %, 541 MiB, 81559 MiB, 116.90 W
2026/06/28 18:49:41.320, 0, NVIDIA H100 80GB HBM3, 5 %, 0 %, 541 MiB, 81559 MiB, 116.82 W
2026/06/28 18:49:42.361, 0, NVIDIA H100 80GB HBM3, 0 %, 0 %, 541 MiB, 81559 MiB, 116.78 W
2026/06/28 18:49:43.397, 0, NVIDIA H100 80GB HBM3, 0 %, 0 %, 541 MiB, 81559 MiB, 116.83 W
2026/06/28 18:49:44.436, 0, NVIDIA H100 80GB HBM3, 0 %, 0 %, 541 MiB, 81559 MiB, 116.75 W
2026/06/28 18:49:45.477, 0, NVIDIA H100 80GB HBM3, 0 %, 0 %, 541 MiB, 81559 MiB, 116.84 W
2026/06/28 18:49:46.513, 0, NVIDIA H100 80GB HBM3, 4 %, 0 %, 541 MiB, 81559 MiB, 116.82 W
2026/06/28 18:49:47.551, 0, NVIDIA H100 80GB HBM3, 0 %, 0 %, 541 MiB, 81559 MiB, 116.85 W
2026/06/28 18:49:48.590, 0, NVIDIA H100 80GB HBM3, 0 %, 0 %, 541 MiB, 81559 MiB, 116.81 W
2026/06/28 18:49:49.629, 0, NVIDIA H100 80GB HBM3, 0 %, 0 %, 541 MiB, 81559 MiB, 116.82 W
2026/06/28 18:49:50.669, 0, NVIDIA H100 80GB HBM3, 0 %, 0 %, 541 MiB, 81559 MiB, 116.89 W
2026/06/28 18:49:51.709, 0, NVIDIA H100 80GB HBM3, 5 %, 0 %, 541 MiB, 81559 MiB, 116.74 W
2026/06/28 18:49:52.747, 0, NVIDIA H100 80GB HBM3, 0 %, 0 %, 541 MiB, 81559 MiB, 116.73 W
2026/06/28 18:49:53.788, 0, NVIDIA H100 80GB HBM3, 0 %, 0 %, 541 MiB, 81559 MiB, 116.75 W
2026/06/28 18:49:54.828, 0, NVIDIA H100 80GB HBM3, 0 %, 0 %, 541 MiB, 81559 MiB, 116.78 W
2026/06/28 18:49:55.866, 0, NVIDIA H100 80GB HBM3, 0 %, 0 %, 541 MiB, 81559 MiB, 116.90 W
2026/06/28 18:49:56.907, 0, NVIDIA H100 80GB HBM3, 4 %, 0 %, 541 MiB, 81559 MiB, 116.85 W
2026/06/28 18:49:57.947, 0, NVIDIA H100 80GB HBM3, 0 %, 0 %, 541 MiB, 81559 MiB, 116.88 W
2026/06/28 18:49:58.986, 0, NVIDIA H100 80GB HBM3, 0 %, 0 %, 541 MiB, 81559 MiB, 116.81 W
2026/06/28 18:50:00.022, 0, NVIDIA H100 80GB HBM3, 0 %, 0 %, 541 MiB, 81559 MiB, 116.85 W
2026/06/28 18:50:01.066, 0, NVIDIA H100 80GB HBM3, 0 %, 0 %, 545 MiB, 81559 MiB, 116.81 W
2026/06/28 18:50:02.066, 0, NVIDIA H100 80GB HBM3, 3 %, 0 %, 541 MiB, 81559 MiB, 116.80 W
2026/06/28 18:50:03.066, 0, NVIDIA H100 80GB HBM3, 0 %, 0 %, 541 MiB, 81559 MiB, 116.81 W
2026/06/28 18:50:04.067, 0, NVIDIA H100 80GB HBM3, 0 %, 0 %, 541 MiB, 81559 MiB, 116.80 W
2026/06/28 18:50:05.067, 0, NVIDIA H100 80GB HBM3, 0 %, 0 %, 541 MiB, 81559 MiB, 116.83 W
2026/06/28 18:50:06.068, 0, NVIDIA H100 80GB HBM3, 0 %, 0 %, 541 MiB, 81559 MiB, 116.85 W
2026/06/28 18:50:07.068, 0, NVIDIA H100 80GB HBM3, 0 %, 0 %, 541 MiB, 81559 MiB, 116.80 W
2026/06/28 18:50:08.068, 0, NVIDIA H100 80GB HBM3, 4 %, 0 %, 541 MiB, 81559 MiB, 116.83 W
2026/06/28 18:50:09.069, 0, NVIDIA H100 80GB HBM3, 0 %, 0 %, 541 MiB, 81559 MiB, 116.85 W
2026/06/28 18:50:10.069, 0, NVIDIA H100 80GB HBM3, 0 %, 0 %, 541 MiB, 81559 MiB, 116.78 W
2026/06/28 18:50:11.070, 0, NVIDIA H100 80GB HBM3, 0 %, 0 %, 541 MiB, 81559 MiB, 116.74 W
2026/06/28 18:50:12.070, 0, NVIDIA H100 80GB HBM3, 0 %, 0 %, 541 MiB, 81559 MiB, 116.79 W
2026/06/28 18:50:13.070, 0, NVIDIA H100 80GB HBM3, 0 %, 0 %, 541 MiB, 81559 MiB, 116.79 W
2026/06/28 18:50:14.071, 0, NVIDIA H100 80GB HBM3, 1 %, 0 %, 541 MiB, 81559 MiB, 116.87 W
2026/06/28 18:50:15.071, 0, NVIDIA H100 80GB HBM3, 0 %, 0 %, 541 MiB, 81559 MiB, 116.84 W
2026/06/28 18:50:16.071, 0, NVIDIA H100 80GB HBM3, 0 %, 0 %, 541 MiB, 81559 MiB, 116.82 W
2026/06/28 18:50:17.072, 0, NVIDIA H100 80GB HBM3, 0 %, 0 %, 541 MiB, 81559 MiB, 116.87 W
2026/06/28 18:50:18.072, 0, NVIDIA H100 80GB HBM3, 0 %, 0 %, 541 MiB, 81559 MiB, 116.83 W
2026/06/28 18:50:19.073, 0, NVIDIA H100 80GB HBM3, 0 %, 0 %, 541 MiB, 81559 MiB, 116.81 W
2026/06/28 18:50:20.073, 0, NVIDIA H100 80GB HBM3, 0 %, 0 %, 541 MiB, 81559 MiB, 116.74 W
2026/06/28 18:50:21.073, 0, NVIDIA H100 80GB HBM3, 4 %, 0 %, 541 MiB, 81559 MiB, 116.85 W
2026/06/28 18:50:22.074, 0, NVIDIA H100 80GB HBM3, 0 %, 0 %, 541 MiB, 81559 MiB, 116.82 W
2026/06/28 18:50:23.074, 0, NVIDIA H100 80GB HBM3, 0 %, 0 %, 541 MiB, 81559 MiB, 116.81 W
2026/06/28 18:50:24.074, 0, NVIDIA H100 80GB HBM3, 0 %, 0 %, 541 MiB, 81559 MiB, 116.76 W
2026/06/28 18:50:25.075, 0, NVIDIA H100 80GB HBM3, 0 %, 0 %, 541 MiB, 81559 MiB, 116.81 W
2026/06/28 18:50:26.075, 0, NVIDIA H100 80GB HBM3, 0 %, 0 %, 541 MiB, 81559 MiB, 116.86 W
2026/06/28 18:50:27.076, 0, NVIDIA H100 80GB HBM3, 4 %, 0 %, 541 MiB, 81559 MiB, 117.00 W
2026/06/28 18:50:28.076, 0, NVIDIA H100 80GB HBM3, 0 %, 0 %, 541 MiB, 81559 MiB, 116.84 W
2026/06/28 18:50:29.076, 0, NVIDIA H100 80GB HBM3, 0 %, 0 %, 541 MiB, 81559 MiB, 116.83 W
2026/06/28 18:50:30.077, 0, NVIDIA H100 80GB HBM3, 0 %, 0 %, 541 MiB, 81559 MiB, 116.78 W
2026/06/28 18:50:31.077, 0, NVIDIA H100 80GB HBM3, 0 %, 0 %, 541 MiB, 81559 MiB, 116.79 W
2026/06/28 18:50:32.077, 0, NVIDIA H100 80GB HBM3, 0 %, 0 %, 541 MiB, 81559 MiB, 116.75 W
2026/06/28 18:50:33.078, 0, NVIDIA H100 80GB HBM3, 0 %, 0 %, 541 MiB, 81559 MiB, 116.81 W
2026/06/28 18:50:34.078, 0, NVIDIA H100 80GB HBM3, 0 %, 0 %, 541 MiB, 81559 MiB, 116.87 W
2026/06/28 18:50:35.079, 0, NVIDIA H100 80GB HBM3, 0 %, 0 %, 541 MiB, 81559 MiB, 116.84 W
2026/06/28 18:50:36.079, 0, NVIDIA H100 80GB HBM3, 0 %, 0 %, 541 MiB, 81559 MiB, 116.87 W
2026/06/28 18:50:37.079, 0, NVIDIA H100 80GB HBM3, 0 %, 0 %, 541 MiB, 81559 MiB, 116.82 W
2026/06/28 18:50:38.080, 0, NVIDIA H100 80GB HBM3, 0 %, 0 %, 541 MiB, 81559 MiB, 116.86 W
2026/06/28 18:50:39.080, 0, NVIDIA H100 80GB HBM3, 0 %, 0 %, 545 MiB, 81559 MiB, 116.80 W
2026/06/28 18:50:40.080, 0, NVIDIA H100 80GB HBM3, 4 %, 0 %, 541 MiB, 81559 MiB, 116.88 W
2026/06/28 18:50:41.081, 0, NVIDIA H100 80GB HBM3, 0 %, 0 %, 541 MiB, 81559 MiB, 116.84 W
2026/06/28 18:50:42.081, 0, NVIDIA H100 80GB HBM3, 0 %, 0 %, 541 MiB, 81559 MiB, 116.84 W
2026/06/28 18:50:43.082, 0, NVIDIA H100 80GB HBM3, 0 %, 0 %, 541 MiB, 81559 MiB, 116.84 W
2026/06/28 18:50:44.082, 0, NVIDIA H100 80GB HBM3, 0 %, 0 %, 541 MiB, 81559 MiB, 116.85 W
2026/06/28 18:50:45.082, 0, NVIDIA H100 80GB HBM3, 0 %, 0 %, 541 MiB, 81559 MiB, 116.91 W
2026/06/28 18:50:46.083, 0, NVIDIA H100 80GB HBM3, 4 %, 0 %, 541 MiB, 81559 MiB, 116.92 W
2026/06/28 18:50:47.083, 0, NVIDIA H100 80GB HBM3, 0 %, 0 %, 541 MiB, 81559 MiB, 116.90 W
2026/06/28 18:50:48.084, 0, NVIDIA H100 80GB HBM3, 0 %, 0 %, 541 MiB, 81559 MiB, 116.78 W
2026/06/28 18:50:49.084, 0, NVIDIA H100 80GB HBM3, 0 %, 0 %, 541 MiB, 81559 MiB, 116.74 W
2026/06/28 18:50:50.084, 0, NVIDIA H100 80GB HBM3, 0 %, 0 %, 541 MiB, 81559 MiB, 116.82 W
2026/06/28 18:50:51.085, 0, NVIDIA H100 80GB HBM3, 0 %, 0 %, 541 MiB, 81559 MiB, 116.84 W
2026/06/28 18:50:52.085, 0, NVIDIA H100 80GB HBM3, 0 %, 0 %, 541 MiB, 81559 MiB, 116.89 W
2026/06/28 18:50:53.086, 0, NVIDIA H100 80GB HBM3, 1 %, 0 %, 541 MiB, 81559 MiB, 116.94 W
2026/06/28 18:50:54.086, 0, NVIDIA H100 80GB HBM3, 0 %, 0 %, 541 MiB, 81559 MiB, 116.85 W
2026/06/28 18:50:55.086, 0, NVIDIA H100 80GB HBM3, 0 %, 0 %, 541 MiB, 81559 MiB, 116.81 W
2026/06/28 18:50:56.087, 0, NVIDIA H100 80GB HBM3, 0 %, 0 %, 541 MiB, 81559 MiB, 116.88 W
2026/06/28 18:50:57.087, 0, NVIDIA H100 80GB HBM3, 0 %, 0 %, 541 MiB, 81559 MiB, 116.78 W
2026/06/28 18:50:58.088, 0, NVIDIA H100 80GB HBM3, 0 %, 0 %, 545 MiB, 81559 MiB, 116.80 W
2026/06/28 18:50:59.124, 0, NVIDIA H100 80GB HBM3, 4 %, 0 %, 541 MiB, 81559 MiB, 116.91 W
2026/06/28 18:51:00.168, 0, NVIDIA H100 80GB HBM3, 0 %, 0 %, 541 MiB, 81559 MiB, 116.90 W
2026/06/28 18:51:01.204, 0, NVIDIA H100 80GB HBM3, 0 %, 0 %, 541 MiB, 81559 MiB, 116.91 W
2026/06/28 18:51:02.244, 0, NVIDIA H100 80GB HBM3, 0 %, 0 %, 541 MiB, 81559 MiB, 116.94 W
2026/06/28 18:51:03.283, 0, NVIDIA H100 80GB HBM3, 0 %, 0 %, 545 MiB, 81559 MiB, 116.90 W
2026/06/28 18:51:04.324, 0, NVIDIA H100 80GB HBM3, 4 %, 0 %, 541 MiB, 81559 MiB, 116.85 W
2026/06/28 18:51:05.365, 0, NVIDIA H100 80GB HBM3, 0 %, 0 %, 541 MiB, 81559 MiB, 116.87 W
2026/06/28 18:51:06.406, 0, NVIDIA H100 80GB HBM3, 0 %, 0 %, 541 MiB, 81559 MiB, 116.89 W
2026/06/28 18:51:07.442, 0, NVIDIA H100 80GB HBM3, 0 %, 0 %, 541 MiB, 81559 MiB, 116.84 W
2026/06/28 18:51:08.485, 0, NVIDIA H100 80GB HBM3, 0 %, 0 %, 541 MiB, 81559 MiB, 116.87 W
2026/06/28 18:51:09.527, 0, NVIDIA H100 80GB HBM3, 4 %, 0 %, 541 MiB, 81559 MiB, 116.93 W
2026/06/28 18:51:10.569, 0, NVIDIA H100 80GB HBM3, 0 %, 0 %, 541 MiB, 81559 MiB, 116.89 W
2026/06/28 18:51:11.608, 0, NVIDIA H100 80GB HBM3, 0 %, 0 %, 541 MiB, 81559 MiB, 116.88 W
2026/06/28 18:51:12.651, 0, NVIDIA H100 80GB HBM3, 0 %, 0 %, 541 MiB, 81559 MiB, 116.90 W
2026/06/28 18:51:13.688, 0, NVIDIA H100 80GB HBM3, 0 %, 0 %, 565 MiB, 81559 MiB, 116.85 W
2026/06/28 18:51:14.726, 0, NVIDIA H100 80GB HBM3, 4 %, 0 %, 541 MiB, 81559 MiB, 116.97 W
2026/06/28 18:51:15.762, 0, NVIDIA H100 80GB HBM3, 0 %, 0 %, 541 MiB, 81559 MiB, 116.85 W
2026/06/28 18:51:16.797, 0, NVIDIA H100 80GB HBM3, 0 %, 0 %, 541 MiB, 81559 MiB, 116.82 W
2026/06/28 18:51:17.832, 0, NVIDIA H100 80GB HBM3, 0 %, 0 %, 541 MiB, 81559 MiB, 116.85 W
2026/06/28 18:51:18.865, 0, NVIDIA H100 80GB HBM3, 0 %, 0 %, 549 MiB, 81559 MiB, 116.86 W
2026/06/28 18:51:19.898, 0, NVIDIA H100 80GB HBM3, 4 %, 0 %, 541 MiB, 81559 MiB, 116.88 W
2026/06/28 18:51:20.929, 0, NVIDIA H100 80GB HBM3, 0 %, 0 %, 541 MiB, 81559 MiB, 116.87 W
2026/06/28 18:51:21.971, 0, NVIDIA H100 80GB HBM3, 0 %, 0 %, 541 MiB, 81559 MiB, 116.92 W
2026/06/28 18:51:23.004, 0, NVIDIA H100 80GB HBM3, 0 %, 0 %, 541 MiB, 81559 MiB, 116.85 W
2026/06/28 18:51:24.040, 0, NVIDIA H100 80GB HBM3, 0 %, 0 %, 541 MiB, 81559 MiB, 116.85 W
2026/06/28 18:51:25.073, 0, NVIDIA H100 80GB HBM3, 3 %, 0 %, 541 MiB, 81559 MiB, 116.95 W
2026/06/28 18:51:26.103, 0, NVIDIA H100 80GB HBM3, 0 %, 0 %, 541 MiB, 81559 MiB, 116.87 W
2026/06/28 18:51:27.137, 0, NVIDIA H100 80GB HBM3, 0 %, 0 %, 541 MiB, 81559 MiB, 116.86 W
2026/06/28 18:51:28.170, 0, NVIDIA H100 80GB HBM3, 0 %, 0 %, 541 MiB, 81559 MiB, 116.91 W
2026/06/28 18:51:29.207, 0, NVIDIA H100 80GB HBM3, 0 %, 0 %, 541 MiB, 81559 MiB, 116.96 W
2026/06/28 18:51:30.249, 0, NVIDIA H100 80GB HBM3, 1 %, 0 %, 541 MiB, 81559 MiB, 116.86 W
2026/06/28 18:51:31.287, 0, NVIDIA H100 80GB HBM3, 0 %, 0 %, 541 MiB, 81559 MiB, 116.88 W
2026/06/28 18:51:32.328, 0, NVIDIA H100 80GB HBM3, 0 %, 0 %, 541 MiB, 81559 MiB, 116.88 W
2026/06/28 18:51:33.365, 0, NVIDIA H100 80GB HBM3, 0 %, 0 %, 541 MiB, 81559 MiB, 116.85 W
2026/06/28 18:51:34.406, 0, NVIDIA H100 80GB HBM3, 0 %, 0 %, 541 MiB, 81559 MiB, 116.85 W
2026/06/28 18:51:35.441, 0, NVIDIA H100 80GB HBM3, 0 %, 0 %, 541 MiB, 81559 MiB, 117.00 W
2026/06/28 18:51:36.481, 0, NVIDIA H100 80GB HBM3, 0 %, 0 %, 541 MiB, 81559 MiB, 116.84 W
2026/06/28 18:51:37.518, 0, NVIDIA H100 80GB HBM3, 0 %, 0 %, 541 MiB, 81559 MiB, 116.94 W
2026/06/28 18:51:38.557, 0, NVIDIA H100 80GB HBM3, 0 %, 0 %, 541 MiB, 81559 MiB, 116.90 W
2026/06/28 18:51:39.597, 0, NVIDIA H100 80GB HBM3, 0 %, 0 %, 541 MiB, 81559 MiB, 116.83 W
2026/06/28 18:51:40.635, 0, NVIDIA H100 80GB HBM3, 0 %, 0 %, 541 MiB, 81559 MiB, 116.85 W
2026/06/28 18:51:41.675, 0, NVIDIA H100 80GB HBM3, 0 %, 0 %, 541 MiB, 81559 MiB, 116.84 W
2026/06/28 18:51:42.710, 0, NVIDIA H100 80GB HBM3, 0 %, 0 %, 541 MiB, 81559 MiB, 116.83 W
2026/06/28 18:51:43.748, 0, NVIDIA H100 80GB HBM3, 0 %, 0 %, 541 MiB, 81559 MiB, 116.84 W
2026/06/28 18:51:44.784, 0, NVIDIA H100 80GB HBM3, 0 %, 0 %, 541 MiB, 81559 MiB, 116.90 W
2026/06/28 18:51:45.825, 0, NVIDIA H100 80GB HBM3, 0 %, 0 %, 541 MiB, 81559 MiB, 116.95 W
2026/06/28 18:51:46.863, 0, NVIDIA H100 80GB HBM3, 0 %, 0 %, 541 MiB, 81559 MiB, 116.89 W
2026/06/28 18:51:47.900, 0, NVIDIA H100 80GB HBM3, 0 %, 0 %, 541 MiB, 81559 MiB, 116.94 W
2026/06/28 18:51:48.937, 0, NVIDIA H100 80GB HBM3, 0 %, 0 %, 541 MiB, 81559 MiB, 116.85 W
2026/06/28 18:51:49.978, 0, NVIDIA H100 80GB HBM3, 0 %, 0 %, 541 MiB, 81559 MiB, 116.83 W
2026/06/28 18:51:51.017, 0, NVIDIA H100 80GB HBM3, 0 %, 0 %, 541 MiB, 81559 MiB, 116.86 W
2026/06/28 18:51:52.055, 0, NVIDIA H100 80GB HBM3, 0 %, 0 %, 541 MiB, 81559 MiB, 116.87 W
2026/06/28 18:51:53.094, 0, NVIDIA H100 80GB HBM3, 0 %, 0 %, 541 MiB, 81559 MiB, 116.82 W
2026/06/28 18:51:54.130, 0, NVIDIA H100 80GB HBM3, 0 %, 0 %, 541 MiB, 81559 MiB, 116.89 W
2026/06/28 18:51:55.164, 0, NVIDIA H100 80GB HBM3, 0 %, 0 %, 541 MiB, 81559 MiB, 116.83 W
2026/06/28 18:51:56.203, 0, NVIDIA H100 80GB HBM3, 0 %, 0 %, 541 MiB, 81559 MiB, 116.93 W
2026/06/28 18:51:57.452, 0, NVIDIA H100 80GB HBM3, 0 %, 0 %, 541 MiB, 81559 MiB, 116.82 W
2026/06/28 18:51:58.491, 0, NVIDIA H100 80GB HBM3, 0 %, 0 %, 541 MiB, 81559 MiB, 116.89 W
2026/06/28 18:51:59.532, 0, NVIDIA H100 80GB HBM3, 0 %, 0 %, 541 MiB, 81559 MiB, 116.80 W
2026/06/28 18:52:00.571, 0, NVIDIA H100 80GB HBM3, 4 %, 0 %, 541 MiB, 81559 MiB, 116.93 W
2026/06/28 18:52:01.609, 0, NVIDIA H100 80GB HBM3, 0 %, 0 %, 541 MiB, 81559 MiB, 116.83 W
2026/06/28 18:52:02.646, 0, NVIDIA H100 80GB HBM3, 0 %, 0 %, 541 MiB, 81559 MiB, 116.88 W
2026/06/28 18:52:03.684, 0, NVIDIA H100 80GB HBM3, 0 %, 0 %, 541 MiB, 81559 MiB, 116.83 W
2026/06/28 18:52:04.724, 0, NVIDIA H100 80GB HBM3, 0 %, 0 %, 545 MiB, 81559 MiB, 116.93 W
2026/06/28 18:52:05.766, 0, NVIDIA H100 80GB HBM3, 4 %, 0 %, 541 MiB, 81559 MiB, 116.94 W
2026/06/28 18:52:06.805, 0, NVIDIA H100 80GB HBM3, 0 %, 0 %, 541 MiB, 81559 MiB, 116.82 W
2026/06/28 18:52:07.844, 0, NVIDIA H100 80GB HBM3, 0 %, 0 %, 541 MiB, 81559 MiB, 116.85 W
2026/06/28 18:52:08.884, 0, NVIDIA H100 80GB HBM3, 0 %, 0 %, 541 MiB, 81559 MiB, 116.86 W
2026/06/28 18:52:09.922, 0, NVIDIA H100 80GB HBM3, 0 %, 0 %, 545 MiB, 81559 MiB, 116.93 W
2026/06/28 18:52:10.962, 0, NVIDIA H100 80GB HBM3, 4 %, 0 %, 541 MiB, 81559 MiB, 116.94 W
2026/06/28 18:52:12.004, 0, NVIDIA H100 80GB HBM3, 0 %, 0 %, 541 MiB, 81559 MiB, 116.89 W
2026/06/28 18:52:13.042, 0, NVIDIA H100 80GB HBM3, 0 %, 0 %, 541 MiB, 81559 MiB, 116.87 W
2026/06/28 18:52:14.083, 0, NVIDIA H100 80GB HBM3, 0 %, 0 %, 541 MiB, 81559 MiB, 116.80 W
2026/06/28 18:52:15.123, 0, NVIDIA H100 80GB HBM3, 0 %, 0 %, 549 MiB, 81559 MiB, 116.88 W
2026/06/28 18:52:16.165, 0, NVIDIA H100 80GB HBM3, 4 %, 0 %, 541 MiB, 81559 MiB, 116.77 W
2026/06/28 18:52:17.205, 0, NVIDIA H100 80GB HBM3, 0 %, 0 %, 541 MiB, 81559 MiB, 116.86 W
2026/06/28 18:52:18.244, 0, NVIDIA H100 80GB HBM3, 0 %, 0 %, 541 MiB, 81559 MiB, 116.84 W
2026/06/28 18:52:19.283, 0, NVIDIA H100 80GB HBM3, 0 %, 0 %, 541 MiB, 81559 MiB, 116.85 W
2026/06/28 18:52:20.322, 0, NVIDIA H100 80GB HBM3, 0 %, 0 %, 541 MiB, 81559 MiB, 116.87 W
2026/06/28 18:52:21.360, 0, NVIDIA H100 80GB HBM3, 4 %, 0 %, 541 MiB, 81559 MiB, 116.92 W
2026/06/28 18:52:22.402, 0, NVIDIA H100 80GB HBM3, 0 %, 0 %, 541 MiB, 81559 MiB, 116.93 W
2026/06/28 18:52:23.440, 0, NVIDIA H100 80GB HBM3, 0 %, 0 %, 541 MiB, 81559 MiB, 116.85 W
2026/06/28 18:52:24.477, 0, NVIDIA H100 80GB HBM3, 0 %, 0 %, 541 MiB, 81559 MiB, 116.79 W
2026/06/28 18:52:25.518, 0, NVIDIA H100 80GB HBM3, 0 %, 0 %, 541 MiB, 81559 MiB, 116.85 W
2026/06/28 18:52:26.558, 0, NVIDIA H100 80GB HBM3, 4 %, 0 %, 541 MiB, 81559 MiB, 116.90 W
2026/06/28 18:52:27.596, 0, NVIDIA H100 80GB HBM3, 0 %, 0 %, 541 MiB, 81559 MiB, 116.89 W
2026/06/28 18:52:28.636, 0, NVIDIA H100 80GB HBM3, 0 %, 0 %, 541 MiB, 81559 MiB, 116.87 W
2026/06/28 18:52:29.664, 0, NVIDIA H100 80GB HBM3, 0 %, 0 %, 541 MiB, 81559 MiB, 116.93 W
2026/06/28 18:52:30.700, 0, NVIDIA H100 80GB HBM3, 0 %, 0 %, 557 MiB, 81559 MiB, 116.87 W
2026/06/28 18:52:31.733, 0, NVIDIA H100 80GB HBM3, 4 %, 0 %, 541 MiB, 81559 MiB, 116.99 W
2026/06/28 18:52:32.772, 0, NVIDIA H100 80GB HBM3, 0 %, 0 %, 541 MiB, 81559 MiB, 116.78 W
2026/06/28 18:52:33.806, 0, NVIDIA H100 80GB HBM3, 0 %, 0 %, 541 MiB, 81559 MiB, 116.79 W
2026/06/28 18:52:34.845, 0, NVIDIA H100 80GB HBM3, 0 %, 0 %, 541 MiB, 81559 MiB, 116.85 W
2026/06/28 18:52:35.883, 0, NVIDIA H100 80GB HBM3, 0 %, 0 %, 545 MiB, 81559 MiB, 116.89 W
2026/06/28 18:52:36.919, 0, NVIDIA H100 80GB HBM3, 4 %, 0 %, 541 MiB, 81559 MiB, 116.90 W
2026/06/28 18:52:37.958, 0, NVIDIA H100 80GB HBM3, 0 %, 0 %, 541 MiB, 81559 MiB, 116.86 W
2026/06/28 18:52:38.994, 0, NVIDIA H100 80GB HBM3, 0 %, 0 %, 541 MiB, 81559 MiB, 116.86 W
2026/06/28 18:52:40.032, 0, NVIDIA H100 80GB HBM3, 0 %, 0 %, 541 MiB, 81559 MiB, 116.84 W
2026/06/28 18:52:41.075, 0, NVIDIA H100 80GB HBM3, 0 %, 0 %, 541 MiB, 81559 MiB, 116.89 W
2026/06/28 18:52:42.112, 0, NVIDIA H100 80GB HBM3, 4 %, 0 %, 541 MiB, 81559 MiB, 116.89 W
2026/06/28 18:52:43.146, 0, NVIDIA H100 80GB HBM3, 0 %, 0 %, 541 MiB, 81559 MiB, 116.93 W
2026/06/28 18:52:44.186, 0, NVIDIA H100 80GB HBM3, 0 %, 0 %, 541 MiB, 81559 MiB, 116.87 W
2026/06/28 18:52:45.270, 0, NVIDIA H100 80GB HBM3, 0 %, 0 %, 541 MiB, 81559 MiB, 116.83 W
2026/06/28 18:52:46.307, 0, NVIDIA H100 80GB HBM3, 0 %, 0 %, 541 MiB, 81559 MiB, 116.86 W
2026/06/28 18:52:47.350, 0, NVIDIA H100 80GB HBM3, 4 %, 0 %, 541 MiB, 81559 MiB, 116.92 W
2026/06/28 18:52:48.392, 0, NVIDIA H100 80GB HBM3, 0 %, 0 %, 541 MiB, 81559 MiB, 116.88 W
2026/06/28 18:52:49.431, 0, NVIDIA H100 80GB HBM3, 0 %, 0 %, 541 MiB, 81559 MiB, 116.82 W
2026/06/28 18:52:50.469, 0, NVIDIA H100 80GB HBM3, 0 %, 0 %, 541 MiB, 81559 MiB, 116.83 W
2026/06/28 18:52:51.510, 0, NVIDIA H100 80GB HBM3, 0 %, 0 %, 541 MiB, 81559 MiB, 116.85 W
2026/06/28 18:52:52.549, 0, NVIDIA H100 80GB HBM3, 4 %, 0 %, 541 MiB, 81559 MiB, 116.91 W
2026/06/28 18:52:53.587, 0, NVIDIA H100 80GB HBM3, 0 %, 0 %, 541 MiB, 81559 MiB, 116.92 W
2026/06/28 18:52:54.623, 0, NVIDIA H100 80GB HBM3, 0 %, 0 %, 541 MiB, 81559 MiB, 116.92 W
2026/06/28 18:52:55.663, 0, NVIDIA H100 80GB HBM3, 0 %, 0 %, 541 MiB, 81559 MiB, 116.93 W
2026/06/28 18:52:56.703, 0, NVIDIA H100 80GB HBM3, 0 %, 0 %, 541 MiB, 81559 MiB, 116.89 W
2026/06/28 18:52:57.744, 0, NVIDIA H100 80GB HBM3, 4 %, 0 %, 541 MiB, 81559 MiB, 116.99 W
2026/06/28 18:52:58.783, 0, NVIDIA H100 80GB HBM3, 0 %, 0 %, 541 MiB, 81559 MiB, 116.89 W
2026/06/28 18:52:59.821, 0, NVIDIA H100 80GB HBM3, 0 %, 0 %, 541 MiB, 81559 MiB, 116.83 W
2026/06/28 18:53:00.861, 0, NVIDIA H100 80GB HBM3, 0 %, 0 %, 541 MiB, 81559 MiB, 116.85 W
2026/06/28 18:53:01.901, 0, NVIDIA H100 80GB HBM3, 0 %, 0 %, 541 MiB, 81559 MiB, 116.89 W
2026/06/28 18:53:02.941, 0, NVIDIA H100 80GB HBM3, 4 %, 0 %, 541 MiB, 81559 MiB, 116.99 W
2026/06/28 18:53:03.981, 0, NVIDIA H100 80GB HBM3, 0 %, 0 %, 541 MiB, 81559 MiB, 116.89 W
2026/06/28 18:53:05.024, 0, NVIDIA H100 80GB HBM3, 0 %, 0 %, 541 MiB, 81559 MiB, 116.90 W
2026/06/28 18:53:06.064, 0, NVIDIA H100 80GB HBM3, 0 %, 0 %, 541 MiB, 81559 MiB, 116.81 W
2026/06/28 18:53:07.106, 0, NVIDIA H100 80GB HBM3, 0 %, 0 %, 541 MiB, 81559 MiB, 116.90 W
2026/06/28 18:53:08.144, 0, NVIDIA H100 80GB HBM3, 4 %, 0 %, 541 MiB, 81559 MiB, 116.96 W
2026/06/28 18:53:09.181, 0, NVIDIA H100 80GB HBM3, 0 %, 0 %, 541 MiB, 81559 MiB, 116.92 W
2026/06/28 18:53:10.219, 0, NVIDIA H100 80GB HBM3, 0 %, 0 %, 541 MiB, 81559 MiB, 116.88 W
2026/06/28 18:53:11.260, 0, NVIDIA H100 80GB HBM3, 0 %, 0 %, 541 MiB, 81559 MiB, 116.84 W
2026/06/28 18:53:12.300, 0, NVIDIA H100 80GB HBM3, 0 %, 0 %, 541 MiB, 81559 MiB, 116.95 W
2026/06/28 18:53:13.336, 0, NVIDIA H100 80GB HBM3, 3 %, 0 %, 541 MiB, 81559 MiB, 116.91 W
2026/06/28 18:53:14.376, 0, NVIDIA H100 80GB HBM3, 0 %, 0 %, 541 MiB, 81559 MiB, 116.86 W
2026/06/28 18:53:15.414, 0, NVIDIA H100 80GB HBM3, 0 %, 0 %, 541 MiB, 81559 MiB, 116.87 W
2026/06/28 18:53:16.455, 0, NVIDIA H100 80GB HBM3, 0 %, 0 %, 541 MiB, 81559 MiB, 116.86 W
2026/06/28 18:53:17.494, 0, NVIDIA H100 80GB HBM3, 0 %, 0 %, 541 MiB, 81559 MiB, 116.92 W
2026/06/28 18:53:18.537, 0, NVIDIA H100 80GB HBM3, 1 %, 0 %, 541 MiB, 81559 MiB, 116.94 W
2026/06/28 18:53:19.579, 0, NVIDIA H100 80GB HBM3, 0 %, 0 %, 541 MiB, 81559 MiB, 116.89 W
2026/06/28 18:53:20.621, 0, NVIDIA H100 80GB HBM3, 0 %, 0 %, 541 MiB, 81559 MiB, 116.81 W
2026/06/28 18:53:21.665, 0, NVIDIA H100 80GB HBM3, 0 %, 0 %, 541 MiB, 81559 MiB, 116.97 W
2026/06/28 18:53:22.706, 0, NVIDIA H100 80GB HBM3, 1 %, 0 %, 541 MiB, 81559 MiB, 116.85 W
2026/06/28 18:53:23.748, 0, NVIDIA H100 80GB HBM3, 0 %, 0 %, 541 MiB, 81559 MiB, 116.84 W
2026/06/28 18:53:24.792, 0, NVIDIA H100 80GB HBM3, 0 %, 0 %, 541 MiB, 81559 MiB, 116.81 W
2026/06/28 18:53:25.825, 0, NVIDIA H100 80GB HBM3, 0 %, 0 %, 541 MiB, 81559 MiB, 116.91 W
2026/06/28 18:53:26.866, 0, NVIDIA H100 80GB HBM3, 0 %, 0 %, 541 MiB, 81559 MiB, 116.84 W
2026/06/28 18:53:27.900, 0, NVIDIA H100 80GB HBM3, 2 %, 0 %, 541 MiB, 81559 MiB, 116.94 W
2026/06/28 18:53:28.936, 0, NVIDIA H100 80GB HBM3, 0 %, 0 %, 541 MiB, 81559 MiB, 116.86 W
2026/06/28 18:53:29.975, 0, NVIDIA H100 80GB HBM3, 0 %, 0 %, 541 MiB, 81559 MiB, 116.88 W
2026/06/28 18:53:31.012, 0, NVIDIA H100 80GB HBM3, 0 %, 0 %, 541 MiB, 81559 MiB, 116.89 W
2026/06/28 18:53:32.049, 0, NVIDIA H100 80GB HBM3, 0 %, 0 %, 541 MiB, 81559 MiB, 116.82 W
2026/06/28 18:53:33.087, 0, NVIDIA H100 80GB HBM3, 4 %, 0 %, 541 MiB, 81559 MiB, 116.91 W
2026/06/28 18:53:34.129, 0, NVIDIA H100 80GB HBM3, 0 %, 0 %, 541 MiB, 81559 MiB, 116.84 W
2026/06/28 18:53:35.169, 0, NVIDIA H100 80GB HBM3, 0 %, 0 %, 541 MiB, 81559 MiB, 116.85 W
2026/06/28 18:53:36.208, 0, NVIDIA H100 80GB HBM3, 0 %, 0 %, 541 MiB, 81559 MiB, 116.82 W
2026/06/28 18:53:37.253, 0, NVIDIA H100 80GB HBM3, 0 %, 0 %, 541 MiB, 81559 MiB, 116.87 W
2026/06/28 18:53:38.292, 0, NVIDIA H100 80GB HBM3, 4 %, 0 %, 541 MiB, 81559 MiB, 116.97 W
2026/06/28 18:53:39.331, 0, NVIDIA H100 80GB HBM3, 0 %, 0 %, 541 MiB, 81559 MiB, 116.85 W
2026/06/28 18:53:40.373, 0, NVIDIA H100 80GB HBM3, 0 %, 0 %, 541 MiB, 81559 MiB, 116.83 W
2026/06/28 18:53:41.413, 0, NVIDIA H100 80GB HBM3, 0 %, 0 %, 541 MiB, 81559 MiB, 116.83 W
2026/06/28 18:53:42.454, 0, NVIDIA H100 80GB HBM3, 0 %, 0 %, 541 MiB, 81559 MiB, 116.85 W
2026/06/28 18:53:43.495, 0, NVIDIA H100 80GB HBM3, 4 %, 0 %, 541 MiB, 81559 MiB, 116.92 W
2026/06/28 18:53:44.538, 0, NVIDIA H100 80GB HBM3, 0 %, 0 %, 541 MiB, 81559 MiB, 116.88 W
2026/06/28 18:53:45.577, 0, NVIDIA H100 80GB HBM3, 0 %, 0 %, 541 MiB, 81559 MiB, 116.93 W
2026/06/28 18:53:46.615, 0, NVIDIA H100 80GB HBM3, 0 %, 0 %, 541 MiB, 81559 MiB, 116.80 W
2026/06/28 18:53:47.658, 0, NVIDIA H100 80GB HBM3, 0 %, 0 %, 541 MiB, 81559 MiB, 116.90 W
2026/06/28 18:53:48.698, 0, NVIDIA H100 80GB HBM3, 4 %, 0 %, 541 MiB, 81559 MiB, 116.89 W
2026/06/28 18:53:49.741, 0, NVIDIA H100 80GB HBM3, 0 %, 0 %, 541 MiB, 81559 MiB, 116.82 W
2026/06/28 18:53:50.780, 0, NVIDIA H100 80GB HBM3, 0 %, 0 %, 541 MiB, 81559 MiB, 116.87 W
2026/06/28 18:53:51.818, 0, NVIDIA H100 80GB HBM3, 0 %, 0 %, 541 MiB, 81559 MiB, 116.83 W
2026/06/28 18:53:52.856, 0, NVIDIA H100 80GB HBM3, 0 %, 0 %, 541 MiB, 81559 MiB, 116.84 W
2026/06/28 18:53:53.898, 0, NVIDIA H100 80GB HBM3, 4 %, 0 %, 541 MiB, 81559 MiB, 116.96 W
2026/06/28 18:53:54.941, 0, NVIDIA H100 80GB HBM3, 0 %, 0 %, 541 MiB, 81559 MiB, 116.89 W
2026/06/28 18:53:55.986, 0, NVIDIA H100 80GB HBM3, 0 %, 0 %, 541 MiB, 81559 MiB, 116.86 W
2026/06/28 18:53:57.028, 0, NVIDIA H100 80GB HBM3, 0 %, 0 %, 541 MiB, 81559 MiB, 116.83 W
2026/06/28 18:53:58.066, 0, NVIDIA H100 80GB HBM3, 0 %, 0 %, 565 MiB, 81559 MiB, 116.82 W
2026/06/28 18:53:59.108, 0, NVIDIA H100 80GB HBM3, 4 %, 0 %, 541 MiB, 81559 MiB, 116.87 W
2026/06/28 18:54:00.145, 0, NVIDIA H100 80GB HBM3, 0 %, 0 %, 541 MiB, 81559 MiB, 116.89 W
2026/06/28 18:54:01.184, 0, NVIDIA H100 80GB HBM3, 0 %, 0 %, 541 MiB, 81559 MiB, 116.92 W
2026/06/28 18:54:02.223, 0, NVIDIA H100 80GB HBM3, 0 %, 0 %, 541 MiB, 81559 MiB, 116.89 W
2026/06/28 18:54:03.263, 0, NVIDIA H100 80GB HBM3, 0 %, 0 %, 541 MiB, 81559 MiB, 116.93 W
2026/06/28 18:54:04.303, 0, NVIDIA H100 80GB HBM3, 1 %, 0 %, 541 MiB, 81559 MiB, 116.92 W
2026/06/28 18:54:05.343, 0, NVIDIA H100 80GB HBM3, 0 %, 0 %, 541 MiB, 81559 MiB, 116.89 W
2026/06/28 18:54:06.387, 0, NVIDIA H100 80GB HBM3, 0 %, 0 %, 541 MiB, 81559 MiB, 116.81 W
2026/06/28 18:54:07.429, 0, NVIDIA H100 80GB HBM3, 0 %, 0 %, 541 MiB, 81559 MiB, 116.79 W
2026/06/28 18:54:08.467, 0, NVIDIA H100 80GB HBM3, 0 %, 0 %, 541 MiB, 81559 MiB, 116.89 W
2026/06/28 18:54:09.506, 0, NVIDIA H100 80GB HBM3, 0 %, 0 %, 541 MiB, 81559 MiB, 116.84 W
2026/06/28 18:54:10.544, 0, NVIDIA H100 80GB HBM3, 0 %, 0 %, 541 MiB, 81559 MiB, 116.85 W
2026/06/28 18:54:11.582, 0, NVIDIA H100 80GB HBM3, 0 %, 0 %, 541 MiB, 81559 MiB, 116.86 W
2026/06/28 18:54:12.623, 0, NVIDIA H100 80GB HBM3, 0 %, 0 %, 541 MiB, 81559 MiB, 116.84 W
2026/06/28 18:54:13.662, 0, NVIDIA H100 80GB HBM3, 0 %, 0 %, 541 MiB, 81559 MiB, 116.87 W
2026/06/28 18:54:14.700, 0, NVIDIA H100 80GB HBM3, 0 %, 0 %, 541 MiB, 81559 MiB, 116.84 W
2026/06/28 18:54:15.738, 0, NVIDIA H100 80GB HBM3, 0 %, 0 %, 541 MiB, 81559 MiB, 116.80 W
2026/06/28 18:54:16.776, 0, NVIDIA H100 80GB HBM3, 0 %, 0 %, 541 MiB, 81559 MiB, 116.82 W
2026/06/28 18:54:17.815, 0, NVIDIA H100 80GB HBM3, 0 %, 0 %, 541 MiB, 81559 MiB, 116.92 W
2026/06/28 18:54:18.852, 0, NVIDIA H100 80GB HBM3, 0 %, 0 %, 541 MiB, 81559 MiB, 116.90 W
2026/06/28 18:54:19.893, 0, NVIDIA H100 80GB HBM3, 0 %, 0 %, 541 MiB, 81559 MiB, 116.84 W
2026/06/28 18:54:20.932, 0, NVIDIA H100 80GB HBM3, 0 %, 0 %, 541 MiB, 81559 MiB, 116.86 W
2026/06/28 18:54:21.972, 0, NVIDIA H100 80GB HBM3, 0 %, 0 %, 541 MiB, 81559 MiB, 116.81 W
2026/06/28 18:54:23.011, 0, NVIDIA H100 80GB HBM3, 0 %, 0 %, 541 MiB, 81559 MiB, 116.82 W
2026/06/28 18:54:24.050, 0, NVIDIA H100 80GB HBM3, 0 %, 0 %, 541 MiB, 81559 MiB, 116.85 W
2026/06/28 18:54:25.093, 0, NVIDIA H100 80GB HBM3, 0 %, 0 %, 541 MiB, 81559 MiB, 116.91 W
2026/06/28 18:54:26.131, 0, NVIDIA H100 80GB HBM3, 0 %, 0 %, 541 MiB, 81559 MiB, 116.87 W
2026/06/28 18:54:27.175, 0, NVIDIA H100 80GB HBM3, 0 %, 0 %, 541 MiB, 81559 MiB, 116.89 W
2026/06/28 18:54:28.217, 0, NVIDIA H100 80GB HBM3, 0 %, 0 %, 541 MiB, 81559 MiB, 116.87 W
2026/06/28 18:54:29.256, 0, NVIDIA H100 80GB HBM3, 0 %, 0 %, 541 MiB, 81559 MiB, 116.94 W
2026/06/28 18:54:30.296, 0, NVIDIA H100 80GB HBM3, 0 %, 0 %, 541 MiB, 81559 MiB, 116.94 W
2026/06/28 18:54:31.336, 0, NVIDIA H100 80GB HBM3, 0 %, 0 %, 541 MiB, 81559 MiB, 116.86 W
2026/06/28 18:54:32.379, 0, NVIDIA H100 80GB HBM3, 0 %, 0 %, 541 MiB, 81559 MiB, 116.90 W
2026/06/28 18:54:33.415, 0, NVIDIA H100 80GB HBM3, 0 %, 0 %, 541 MiB, 81559 MiB, 116.85 W
2026/06/28 18:54:34.458, 0, NVIDIA H100 80GB HBM3, 0 %, 0 %, 541 MiB, 81559 MiB, 116.93 W
2026/06/28 18:54:35.499, 0, NVIDIA H100 80GB HBM3, 0 %, 0 %, 541 MiB, 81559 MiB, 116.85 W
2026/06/28 18:54:36.542, 0, NVIDIA H100 80GB HBM3, 0 %, 0 %, 541 MiB, 81559 MiB, 116.89 W
2026/06/28 18:54:37.583, 0, NVIDIA H100 80GB HBM3, 0 %, 0 %, 541 MiB, 81559 MiB, 116.95 W
2026/06/28 18:54:38.622, 0, NVIDIA H100 80GB HBM3, 0 %, 0 %, 541 MiB, 81559 MiB, 116.88 W
2026/06/28 18:54:39.661, 0, NVIDIA H100 80GB HBM3, 0 %, 0 %, 541 MiB, 81559 MiB, 116.89 W
2026/06/28 18:54:40.700, 0, NVIDIA H100 80GB HBM3, 0 %, 0 %, 541 MiB, 81559 MiB, 116.87 W
2026/06/28 18:54:41.741, 0, NVIDIA H100 80GB HBM3, 0 %, 0 %, 541 MiB, 81559 MiB, 116.86 W
2026/06/28 18:54:42.778, 0, NVIDIA H100 80GB HBM3, 0 %, 0 %, 541 MiB, 81559 MiB, 116.86 W
2026/06/28 18:54:43.817, 0, NVIDIA H100 80GB HBM3, 0 %, 0 %, 541 MiB, 81559 MiB, 116.91 W
2026/06/28 18:54:44.861, 0, NVIDIA H100 80GB HBM3, 0 %, 0 %, 541 MiB, 81559 MiB, 116.89 W
2026/06/28 18:54:45.897, 0, NVIDIA H100 80GB HBM3, 0 %, 0 %, 541 MiB, 81559 MiB, 116.86 W
2026/06/28 18:54:46.939, 0, NVIDIA H100 80GB HBM3, 0 %, 0 %, 541 MiB, 81559 MiB, 116.88 W
2026/06/28 18:54:47.978, 0, NVIDIA H100 80GB HBM3, 0 %, 0 %, 541 MiB, 81559 MiB, 116.81 W
2026/06/28 18:54:49.010, 0, NVIDIA H100 80GB HBM3, 0 %, 0 %, 541 MiB, 81559 MiB, 116.90 W
2026/06/28 18:54:50.040, 0, NVIDIA H100 80GB HBM3, 0 %, 0 %, 541 MiB, 81559 MiB, 116.91 W
2026/06/28 18:54:51.080, 0, NVIDIA H100 80GB HBM3, 4 %, 0 %, 541 MiB, 81559 MiB, 116.86 W
2026/06/28 18:54:52.121, 0, NVIDIA H100 80GB HBM3, 0 %, 0 %, 541 MiB, 81559 MiB, 116.96 W
2026/06/28 18:54:53.159, 0, NVIDIA H100 80GB HBM3, 0 %, 0 %, 541 MiB, 81559 MiB, 116.91 W
2026/06/28 18:54:54.200, 0, NVIDIA H100 80GB HBM3, 0 %, 0 %, 541 MiB, 81559 MiB, 116.81 W
2026/06/28 18:54:55.243, 0, NVIDIA H100 80GB HBM3, 0 %, 0 %, 541 MiB, 81559 MiB, 116.95 W
2026/06/28 18:54:56.287, 0, NVIDIA H100 80GB HBM3, 0 %, 0 %, 541 MiB, 81559 MiB, 116.91 W
2026/06/28 18:54:57.329, 0, NVIDIA H100 80GB HBM3, 0 %, 0 %, 541 MiB, 81559 MiB, 116.85 W
2026/06/28 18:54:58.370, 0, NVIDIA H100 80GB HBM3, 0 %, 0 %, 541 MiB, 81559 MiB, 116.78 W
2026/06/28 18:54:59.407, 0, NVIDIA H100 80GB HBM3, 0 %, 0 %, 549 MiB, 81559 MiB, 116.90 W
2026/06/28 18:55:00.449, 0, NVIDIA H100 80GB HBM3, 0 %, 0 %, 541 MiB, 81559 MiB, 117.01 W
2026/06/28 18:55:01.695, 0, NVIDIA H100 80GB HBM3, 0 %, 0 %, 541 MiB, 81559 MiB, 116.91 W
2026/06/28 18:55:02.733, 0, NVIDIA H100 80GB HBM3, 0 %, 0 %, 541 MiB, 81559 MiB, 116.93 W
2026/06/28 18:55:03.771, 0, NVIDIA H100 80GB HBM3, 0 %, 0 %, 545 MiB, 81559 MiB, 116.90 W
2026/06/28 18:55:04.812, 0, NVIDIA H100 80GB HBM3, 4 %, 0 %, 541 MiB, 81559 MiB, 116.85 W
2026/06/28 18:55:05.850, 0, NVIDIA H100 80GB HBM3, 0 %, 0 %, 541 MiB, 81559 MiB, 116.83 W
2026/06/28 18:55:06.884, 0, NVIDIA H100 80GB HBM3, 0 %, 0 %, 541 MiB, 81559 MiB, 116.91 W
2026/06/28 18:55:07.920, 0, NVIDIA H100 80GB HBM3, 0 %, 0 %, 541 MiB, 81559 MiB, 116.91 W
2026/06/28 18:55:08.958, 0, NVIDIA H100 80GB HBM3, 0 %, 0 %, 541 MiB, 81559 MiB, 116.86 W
2026/06/28 18:55:09.997, 0, NVIDIA H100 80GB HBM3, 4 %, 0 %, 541 MiB, 81559 MiB, 116.91 W
2026/06/28 18:55:11.034, 0, NVIDIA H100 80GB HBM3, 0 %, 0 %, 541 MiB, 81559 MiB, 116.93 W
2026/06/28 18:55:12.073, 0, NVIDIA H100 80GB HBM3, 0 %, 0 %, 541 MiB, 81559 MiB, 116.86 W
2026/06/28 18:55:13.113, 0, NVIDIA H100 80GB HBM3, 0 %, 0 %, 541 MiB, 81559 MiB, 116.79 W
2026/06/28 18:55:14.151, 0, NVIDIA H100 80GB HBM3, 0 %, 0 %, 545 MiB, 81559 MiB, 116.84 W
2026/06/28 18:55:15.193, 0, NVIDIA H100 80GB HBM3, 5 %, 0 %, 541 MiB, 81559 MiB, 116.88 W
2026/06/28 18:55:16.236, 0, NVIDIA H100 80GB HBM3, 0 %, 0 %, 541 MiB, 81559 MiB, 116.90 W
2026/06/28 18:55:17.275, 0, NVIDIA H100 80GB HBM3, 0 %, 0 %, 541 MiB, 81559 MiB, 116.87 W
2026/06/28 18:55:18.313, 0, NVIDIA H100 80GB HBM3, 0 %, 0 %, 541 MiB, 81559 MiB, 116.91 W
2026/06/28 18:55:19.353, 0, NVIDIA H100 80GB HBM3, 0 %, 0 %, 545 MiB, 81559 MiB, 116.85 W
2026/06/28 18:55:20.397, 0, NVIDIA H100 80GB HBM3, 3 %, 0 %, 541 MiB, 81559 MiB, 116.91 W
2026/06/28 18:55:21.435, 0, NVIDIA H100 80GB HBM3, 0 %, 0 %, 541 MiB, 81559 MiB, 116.84 W
2026/06/28 18:55:22.475, 0, NVIDIA H100 80GB HBM3, 0 %, 0 %, 541 MiB, 81559 MiB, 116.96 W
2026/06/28 18:55:23.515, 0, NVIDIA H100 80GB HBM3, 0 %, 0 %, 541 MiB, 81559 MiB, 116.89 W
2026/06/28 18:55:24.557, 0, NVIDIA H100 80GB HBM3, 0 %, 0 %, 541 MiB, 81559 MiB, 116.87 W
2026/06/28 18:55:25.599, 0, NVIDIA H100 80GB HBM3, 0 %, 0 %, 541 MiB, 81559 MiB, 116.83 W
2026/06/28 18:55:26.639, 0, NVIDIA H100 80GB HBM3, 0 %, 0 %, 541 MiB, 81559 MiB, 116.90 W
2026/06/28 18:55:27.680, 0, NVIDIA H100 80GB HBM3, 0 %, 0 %, 541 MiB, 81559 MiB, 116.92 W
2026/06/28 18:55:28.723, 0, NVIDIA H100 80GB HBM3, 0 %, 0 %, 541 MiB, 81559 MiB, 116.86 W
2026/06/28 18:55:29.763, 0, NVIDIA H100 80GB HBM3, 0 %, 0 %, 541 MiB, 81559 MiB, 116.81 W
2026/06/28 18:55:30.803, 0, NVIDIA H100 80GB HBM3, 0 %, 0 %, 541 MiB, 81559 MiB, 116.83 W
2026/06/28 18:55:31.841, 0, NVIDIA H100 80GB HBM3, 0 %, 0 %, 541 MiB, 81559 MiB, 116.86 W
2026/06/28 18:55:32.876, 0, NVIDIA H100 80GB HBM3, 0 %, 0 %, 541 MiB, 81559 MiB, 116.87 W
2026/06/28 18:55:33.919, 0, NVIDIA H100 80GB HBM3, 0 %, 0 %, 541 MiB, 81559 MiB, 116.95 W
2026/06/28 18:55:34.960, 0, NVIDIA H100 80GB HBM3, 0 %, 0 %, 541 MiB, 81559 MiB, 116.91 W
2026/06/28 18:55:35.998, 0, NVIDIA H100 80GB HBM3, 0 %, 0 %, 541 MiB, 81559 MiB, 116.89 W
2026/06/28 18:55:37.034, 0, NVIDIA H100 80GB HBM3, 0 %, 0 %, 541 MiB, 81559 MiB, 116.86 W
2026/06/28 18:55:38.070, 0, NVIDIA H100 80GB HBM3, 0 %, 0 %, 541 MiB, 81559 MiB, 116.83 W
2026/06/28 18:55:39.111, 0, NVIDIA H100 80GB HBM3, 0 %, 0 %, 541 MiB, 81559 MiB, 116.82 W
2026/06/28 18:55:40.152, 0, NVIDIA H100 80GB HBM3, 0 %, 0 %, 541 MiB, 81559 MiB, 116.89 W
2026/06/28 18:55:41.191, 0, NVIDIA H100 80GB HBM3, 0 %, 0 %, 541 MiB, 81559 MiB, 116.92 W
2026/06/28 18:55:42.228, 0, NVIDIA H100 80GB HBM3, 0 %, 0 %, 541 MiB, 81559 MiB, 116.92 W
2026/06/28 18:55:43.266, 0, NVIDIA H100 80GB HBM3, 0 %, 0 %, 541 MiB, 81559 MiB, 116.91 W
2026/06/28 18:55:44.308, 0, NVIDIA H100 80GB HBM3, 0 %, 0 %, 541 MiB, 81559 MiB, 116.91 W
2026/06/28 18:55:45.347, 0, NVIDIA H100 80GB HBM3, 0 %, 0 %, 541 MiB, 81559 MiB, 116.93 W
2026/06/28 18:55:46.389, 0, NVIDIA H100 80GB HBM3, 3 %, 0 %, 541 MiB, 81559 MiB, 116.90 W
2026/06/28 18:55:47.428, 0, NVIDIA H100 80GB HBM3, 0 %, 0 %, 541 MiB, 81559 MiB, 116.82 W
2026/06/28 18:55:48.468, 0, NVIDIA H100 80GB HBM3, 0 %, 0 %, 541 MiB, 81559 MiB, 116.92 W
2026/06/28 18:55:49.510, 0, NVIDIA H100 80GB HBM3, 0 %, 0 %, 541 MiB, 81559 MiB, 116.94 W
2026/06/28 18:55:50.551, 0, NVIDIA H100 80GB HBM3, 0 %, 0 %, 541 MiB, 81559 MiB, 116.92 W
2026/06/28 18:55:51.589, 0, NVIDIA H100 80GB HBM3, 4 %, 0 %, 541 MiB, 81559 MiB, 116.86 W
2026/06/28 18:55:52.631, 0, NVIDIA H100 80GB HBM3, 0 %, 0 %, 541 MiB, 81559 MiB, 116.82 W
2026/06/28 18:55:53.673, 0, NVIDIA H100 80GB HBM3, 0 %, 0 %, 541 MiB, 81559 MiB, 116.88 W
2026/06/28 18:55:54.711, 0, NVIDIA H100 80GB HBM3, 0 %, 0 %, 541 MiB, 81559 MiB, 116.85 W
2026/06/28 18:55:55.751, 0, NVIDIA H100 80GB HBM3, 0 %, 0 %, 541 MiB, 81559 MiB, 116.97 W
2026/06/28 18:55:56.792, 0, NVIDIA H100 80GB HBM3, 4 %, 0 %, 541 MiB, 81559 MiB, 116.82 W
2026/06/28 18:55:57.833, 0, NVIDIA H100 80GB HBM3, 0 %, 0 %, 541 MiB, 81559 MiB, 116.88 W
2026/06/28 18:55:58.869, 0, NVIDIA H100 80GB HBM3, 0 %, 0 %, 541 MiB, 81559 MiB, 116.93 W
2026/06/28 18:55:59.912, 0, NVIDIA H100 80GB HBM3, 0 %, 0 %, 541 MiB, 81559 MiB, 116.83 W
2026/06/28 18:56:00.952, 0, NVIDIA H100 80GB HBM3, 0 %, 0 %, 541 MiB, 81559 MiB, 116.96 W
2026/06/28 18:56:01.991, 0, NVIDIA H100 80GB HBM3, 5 %, 0 %, 541 MiB, 81559 MiB, 116.85 W
2026/06/28 18:56:03.031, 0, NVIDIA H100 80GB HBM3, 0 %, 0 %, 541 MiB, 81559 MiB, 116.88 W
2026/06/28 18:56:04.071, 0, NVIDIA H100 80GB HBM3, 0 %, 0 %, 541 MiB, 81559 MiB, 116.84 W
2026/06/28 18:56:05.110, 0, NVIDIA H100 80GB HBM3, 0 %, 0 %, 541 MiB, 81559 MiB, 116.83 W
2026/06/28 18:56:06.150, 0, NVIDIA H100 80GB HBM3, 0 %, 0 %, 541 MiB, 81559 MiB, 116.92 W
2026/06/28 18:56:07.188, 0, NVIDIA H100 80GB HBM3, 4 %, 0 %, 541 MiB, 81559 MiB, 116.92 W
2026/06/28 18:56:08.233, 0, NVIDIA H100 80GB HBM3, 0 %, 0 %, 541 MiB, 81559 MiB, 116.93 W
2026/06/28 18:56:09.276, 0, NVIDIA H100 80GB HBM3, 0 %, 0 %, 541 MiB, 81559 MiB, 116.82 W
2026/06/28 18:56:10.314, 0, NVIDIA H100 80GB HBM3, 0 %, 0 %, 545 MiB, 81559 MiB, 116.89 W
2026/06/28 18:56:11.353, 0, NVIDIA H100 80GB HBM3, 0 %, 0 %, 541 MiB, 81559 MiB, 116.89 W
2026/06/28 18:56:12.395, 0, NVIDIA H100 80GB HBM3, 4 %, 0 %, 541 MiB, 81559 MiB, 116.83 W
2026/06/28 18:56:13.433, 0, NVIDIA H100 80GB HBM3, 0 %, 0 %, 541 MiB, 81559 MiB, 116.88 W
2026/06/28 18:56:14.472, 0, NVIDIA H100 80GB HBM3, 0 %, 0 %, 541 MiB, 81559 MiB, 116.93 W
2026/06/28 18:56:15.511, 0, NVIDIA H100 80GB HBM3, 0 %, 0 %, 541 MiB, 81559 MiB, 116.91 W
2026/06/28 18:56:16.550, 0, NVIDIA H100 80GB HBM3, 0 %, 0 %, 541 MiB, 81559 MiB, 116.87 W
2026/06/28 18:56:17.590, 0, NVIDIA H100 80GB HBM3, 3 %, 0 %, 541 MiB, 81559 MiB, 116.84 W
2026/06/28 18:56:18.627, 0, NVIDIA H100 80GB HBM3, 0 %, 0 %, 541 MiB, 81559 MiB, 116.85 W
2026/06/28 18:56:19.665, 0, NVIDIA H100 80GB HBM3, 0 %, 0 %, 541 MiB, 81559 MiB, 116.95 W
2026/06/28 18:56:20.704, 0, NVIDIA H100 80GB HBM3, 0 %, 0 %, 541 MiB, 81559 MiB, 116.90 W
2026/06/28 18:56:21.742, 0, NVIDIA H100 80GB HBM3, 0 %, 0 %, 541 MiB, 81559 MiB, 116.90 W
2026/06/28 18:56:22.783, 0, NVIDIA H100 80GB HBM3, 1 %, 0 %, 541 MiB, 81559 MiB, 116.85 W
2026/06/28 18:56:23.822, 0, NVIDIA H100 80GB HBM3, 0 %, 0 %, 541 MiB, 81559 MiB, 116.95 W
2026/06/28 18:56:24.860, 0, NVIDIA H100 80GB HBM3, 0 %, 0 %, 541 MiB, 81559 MiB, 116.91 W
2026/06/28 18:56:25.902, 0, NVIDIA H100 80GB HBM3, 0 %, 0 %, 541 MiB, 81559 MiB, 116.82 W
2026/06/28 18:56:26.939, 0, NVIDIA H100 80GB HBM3, 1 %, 0 %, 541 MiB, 81559 MiB, 116.91 W
2026/06/28 18:56:27.978, 0, NVIDIA H100 80GB HBM3, 0 %, 0 %, 541 MiB, 81559 MiB, 116.90 W
2026/06/28 18:56:29.020, 0, NVIDIA H100 80GB HBM3, 0 %, 0 %, 541 MiB, 81559 MiB, 116.87 W
2026/06/28 18:56:30.059, 0, NVIDIA H100 80GB HBM3, 0 %, 0 %, 541 MiB, 81559 MiB, 116.91 W
2026/06/28 18:56:31.102, 0, NVIDIA H100 80GB HBM3, 0 %, 0 %, 541 MiB, 81559 MiB, 116.87 W
2026/06/28 18:56:32.144, 0, NVIDIA H100 80GB HBM3, 3 %, 0 %, 541 MiB, 81559 MiB, 116.95 W
2026/06/28 18:56:33.186, 0, NVIDIA H100 80GB HBM3, 0 %, 0 %, 541 MiB, 81559 MiB, 116.88 W
2026/06/28 18:56:34.225, 0, NVIDIA H100 80GB HBM3, 0 %, 0 %, 541 MiB, 81559 MiB, 116.86 W
2026/06/28 18:56:35.266, 0, NVIDIA H100 80GB HBM3, 0 %, 0 %, 541 MiB, 81559 MiB, 116.83 W
2026/06/28 18:56:36.304, 0, NVIDIA H100 80GB HBM3, 0 %, 0 %, 541 MiB, 81559 MiB, 116.88 W
2026/06/28 18:56:37.345, 0, NVIDIA H100 80GB HBM3, 4 %, 0 %, 541 MiB, 81559 MiB, 116.81 W
2026/06/28 18:56:38.383, 0, NVIDIA H100 80GB HBM3, 0 %, 0 %, 541 MiB, 81559 MiB, 116.89 W
2026/06/28 18:56:39.423, 0, NVIDIA H100 80GB HBM3, 0 %, 0 %, 541 MiB, 81559 MiB, 116.85 W
2026/06/28 18:56:40.463, 0, NVIDIA H100 80GB HBM3, 0 %, 0 %, 541 MiB, 81559 MiB, 116.97 W
2026/06/28 18:56:41.504, 0, NVIDIA H100 80GB HBM3, 0 %, 0 %, 541 MiB, 81559 MiB, 116.89 W
2026/06/28 18:56:42.543, 0, NVIDIA H100 80GB HBM3, 4 %, 0 %, 541 MiB, 81559 MiB, 116.91 W
2026/06/28 18:56:43.582, 0, NVIDIA H100 80GB HBM3, 0 %, 0 %, 541 MiB, 81559 MiB, 116.83 W
2026/06/28 18:56:44.620, 0, NVIDIA H100 80GB HBM3, 0 %, 0 %, 541 MiB, 81559 MiB, 116.83 W
2026/06/28 18:56:45.662, 0, NVIDIA H100 80GB HBM3, 0 %, 0 %, 541 MiB, 81559 MiB, 116.89 W
2026/06/28 18:56:46.698, 0, NVIDIA H100 80GB HBM3, 0 %, 0 %, 541 MiB, 81559 MiB, 116.92 W
2026/06/28 18:56:47.734, 0, NVIDIA H100 80GB HBM3, 4 %, 0 %, 541 MiB, 81559 MiB, 116.91 W
2026/06/28 18:56:48.972, 0, NVIDIA H100 80GB HBM3, 0 %, 0 %, 541 MiB, 81559 MiB, 116.93 W
2026/06/28 18:56:50.013, 0, NVIDIA H100 80GB HBM3, 0 %, 0 %, 541 MiB, 81559 MiB, 116.88 W
2026/06/28 18:56:51.045, 0, NVIDIA H100 80GB HBM3, 3 %, 0 %, 541 MiB, 81559 MiB, 116.89 W
2026/06/28 18:56:52.084, 0, NVIDIA H100 80GB HBM3, 0 %, 0 %, 541 MiB, 81559 MiB, 116.84 W
2026/06/28 18:56:53.122, 0, NVIDIA H100 80GB HBM3, 0 %, 0 %, 541 MiB, 81559 MiB, 116.87 W
2026/06/28 18:56:54.161, 0, NVIDIA H100 80GB HBM3, 0 %, 0 %, 541 MiB, 81559 MiB, 116.88 W
2026/06/28 18:56:55.201, 0, NVIDIA H100 80GB HBM3, 0 %, 0 %, 541 MiB, 81559 MiB, 116.87 W
2026/06/28 18:56:56.246, 0, NVIDIA H100 80GB HBM3, 5 %, 0 %, 541 MiB, 81559 MiB, 116.94 W
2026/06/28 18:56:57.286, 0, NVIDIA H100 80GB HBM3, 0 %, 0 %, 541 MiB, 81559 MiB, 116.84 W
2026/06/28 18:56:58.323, 0, NVIDIA H100 80GB HBM3, 0 %, 0 %, 541 MiB, 81559 MiB, 116.88 W
2026/06/28 18:56:59.361, 0, NVIDIA H100 80GB HBM3, 0 %, 0 %, 541 MiB, 81559 MiB, 116.86 W
2026/06/28 18:57:00.401, 0, NVIDIA H100 80GB HBM3, 0 %, 0 %, 549 MiB, 81559 MiB, 116.80 W
2026/06/28 18:57:01.442, 0, NVIDIA H100 80GB HBM3, 4 %, 0 %, 541 MiB, 81559 MiB, 116.87 W
2026/06/28 18:57:02.482, 0, NVIDIA H100 80GB HBM3, 0 %, 0 %, 541 MiB, 81559 MiB, 116.91 W
2026/06/28 18:57:03.524, 0, NVIDIA H100 80GB HBM3, 0 %, 0 %, 541 MiB, 81559 MiB, 116.84 W
2026/06/28 18:57:04.564, 0, NVIDIA H100 80GB HBM3, 0 %, 0 %, 541 MiB, 81559 MiB, 116.94 W
2026/06/28 18:57:05.603, 0, NVIDIA H100 80GB HBM3, 0 %, 0 %, 545 MiB, 81559 MiB, 116.89 W
2026/06/28 18:57:06.642, 0, NVIDIA H100 80GB HBM3, 4 %, 0 %, 541 MiB, 81559 MiB, 116.95 W
2026/06/28 18:57:07.680, 0, NVIDIA H100 80GB HBM3, 0 %, 0 %, 541 MiB, 81559 MiB, 116.84 W
2026/06/28 18:57:08.720, 0, NVIDIA H100 80GB HBM3, 0 %, 0 %, 541 MiB, 81559 MiB, 116.80 W
2026/06/28 18:57:09.759, 0, NVIDIA H100 80GB HBM3, 0 %, 0 %, 541 MiB, 81559 MiB, 116.89 W
2026/06/28 18:57:10.797, 0, NVIDIA H100 80GB HBM3, 0 %, 0 %, 545 MiB, 81559 MiB, 116.94 W
2026/06/28 18:57:11.839, 0, NVIDIA H100 80GB HBM3, 4 %, 0 %, 541 MiB, 81559 MiB, 116.88 W
2026/06/28 18:57:12.877, 0, NVIDIA H100 80GB HBM3, 0 %, 0 %, 541 MiB, 81559 MiB, 116.91 W
2026/06/28 18:57:13.916, 0, NVIDIA H100 80GB HBM3, 0 %, 0 %, 541 MiB, 81559 MiB, 116.84 W
2026/06/28 18:57:14.954, 0, NVIDIA H100 80GB HBM3, 0 %, 0 %, 541 MiB, 81559 MiB, 116.82 W
2026/06/28 18:57:15.992, 0, NVIDIA H100 80GB HBM3, 0 %, 0 %, 541 MiB, 81559 MiB, 116.84 W
2026/06/28 18:57:17.030, 0, NVIDIA H100 80GB HBM3, 4 %, 0 %, 541 MiB, 81559 MiB, 116.95 W
2026/06/28 18:57:18.070, 0, NVIDIA H100 80GB HBM3, 0 %, 0 %, 541 MiB, 81559 MiB, 116.86 W
2026/06/28 18:57:19.111, 0, NVIDIA H100 80GB HBM3, 0 %, 0 %, 541 MiB, 81559 MiB, 116.92 W
2026/06/28 18:57:20.149, 0, NVIDIA H100 80GB HBM3, 0 %, 0 %, 541 MiB, 81559 MiB, 116.86 W
2026/06/28 18:57:21.188, 0, NVIDIA H100 80GB HBM3, 0 %, 0 %, 541 MiB, 81559 MiB, 116.86 W
2026/06/28 18:57:22.228, 0, NVIDIA H100 80GB HBM3, 3 %, 0 %, 541 MiB, 81559 MiB, 116.89 W
2026/06/28 18:57:23.267, 0, NVIDIA H100 80GB HBM3, 0 %, 0 %, 541 MiB, 81559 MiB, 116.82 W
2026/06/28 18:57:24.306, 0, NVIDIA H100 80GB HBM3, 0 %, 0 %, 541 MiB, 81559 MiB, 116.85 W
2026/06/28 18:57:25.347, 0, NVIDIA H100 80GB HBM3, 0 %, 0 %, 541 MiB, 81559 MiB, 116.87 W
2026/06/28 18:57:26.388, 0, NVIDIA H100 80GB HBM3, 0 %, 0 %, 541 MiB, 81559 MiB, 116.84 W
2026/06/28 18:57:27.426, 0, NVIDIA H100 80GB HBM3, 1 %, 0 %, 541 MiB, 81559 MiB, 116.93 W
2026/06/28 18:57:28.472, 0, NVIDIA H100 80GB HBM3, 0 %, 0 %, 541 MiB, 81559 MiB, 116.94 W
2026/06/28 18:57:29.513, 0, NVIDIA H100 80GB HBM3, 0 %, 0 %, 541 MiB, 81559 MiB, 116.86 W
2026/06/28 18:57:30.559, 0, NVIDIA H100 80GB HBM3, 0 %, 0 %, 541 MiB, 81559 MiB, 116.89 W
2026/06/28 18:57:31.603, 0, NVIDIA H100 80GB HBM3, 0 %, 0 %, 541 MiB, 81559 MiB, 116.91 W
2026/06/28 18:57:32.645, 0, NVIDIA H100 80GB HBM3, 0 %, 0 %, 541 MiB, 81559 MiB, 116.89 W
2026/06/28 18:57:33.683, 0, NVIDIA H100 80GB HBM3, 0 %, 0 %, 541 MiB, 81559 MiB, 116.87 W
2026/06/28 18:57:34.723, 0, NVIDIA H100 80GB HBM3, 0 %, 0 %, 541 MiB, 81559 MiB, 116.83 W
2026/06/28 18:57:35.761, 0, NVIDIA H100 80GB HBM3, 0 %, 0 %, 541 MiB, 81559 MiB, 116.87 W
2026/06/28 18:57:36.800, 0, NVIDIA H100 80GB HBM3, 0 %, 0 %, 541 MiB, 81559 MiB, 116.90 W
2026/06/28 18:57:37.839, 0, NVIDIA H100 80GB HBM3, 0 %, 0 %, 541 MiB, 81559 MiB, 116.94 W
2026/06/28 18:57:38.877, 0, NVIDIA H100 80GB HBM3, 0 %, 0 %, 541 MiB, 81559 MiB, 116.84 W
2026/06/28 18:57:39.918, 0, NVIDIA H100 80GB HBM3, 0 %, 0 %, 541 MiB, 81559 MiB, 116.86 W
2026/06/28 18:57:40.957, 0, NVIDIA H100 80GB HBM3, 0 %, 0 %, 541 MiB, 81559 MiB, 116.92 W
2026/06/28 18:57:42.002, 0, NVIDIA H100 80GB HBM3, 0 %, 0 %, 541 MiB, 81559 MiB, 116.89 W
2026/06/28 18:57:43.041, 0, NVIDIA H100 80GB HBM3, 0 %, 0 %, 541 MiB, 81559 MiB, 116.87 W
2026/06/28 18:57:44.080, 0, NVIDIA H100 80GB HBM3, 0 %, 0 %, 541 MiB, 81559 MiB, 116.89 W
2026/06/28 18:57:45.115, 0, NVIDIA H100 80GB HBM3, 0 %, 0 %, 541 MiB, 81559 MiB, 116.82 W
2026/06/28 18:57:46.154, 0, NVIDIA H100 80GB HBM3, 0 %, 0 %, 541 MiB, 81559 MiB, 116.85 W
2026/06/28 18:57:47.192, 0, NVIDIA H100 80GB HBM3, 0 %, 0 %, 541 MiB, 81559 MiB, 116.94 W
2026/06/28 18:57:48.234, 0, NVIDIA H100 80GB HBM3, 0 %, 0 %, 541 MiB, 81559 MiB, 116.86 W
2026/06/28 18:57:49.276, 0, NVIDIA H100 80GB HBM3, 0 %, 0 %, 541 MiB, 81559 MiB, 116.94 W
2026/06/28 18:57:50.314, 0, NVIDIA H100 80GB HBM3, 0 %, 0 %, 541 MiB, 81559 MiB, 116.93 W
2026/06/28 18:57:51.351, 0, NVIDIA H100 80GB HBM3, 0 %, 0 %, 541 MiB, 81559 MiB, 116.83 W
2026/06/28 18:57:52.393, 0, NVIDIA H100 80GB HBM3, 0 %, 0 %, 541 MiB, 81559 MiB, 116.95 W
2026/06/28 18:57:53.434, 0, NVIDIA H100 80GB HBM3, 0 %, 0 %, 541 MiB, 81559 MiB, 116.92 W
2026/06/28 18:57:54.473, 0, NVIDIA H100 80GB HBM3, 0 %, 0 %, 541 MiB, 81559 MiB, 116.89 W
2026/06/28 18:57:55.507, 0, NVIDIA H100 80GB HBM3, 0 %, 0 %, 541 MiB, 81559 MiB, 116.85 W
2026/06/28 18:57:56.548, 0, NVIDIA H100 80GB HBM3, 0 %, 0 %, 541 MiB, 81559 MiB, 116.90 W
2026/06/28 18:57:57.588, 0, NVIDIA H100 80GB HBM3, 0 %, 0 %, 541 MiB, 81559 MiB, 116.93 W
2026/06/28 18:57:58.626, 0, NVIDIA H100 80GB HBM3, 0 %, 0 %, 541 MiB, 81559 MiB, 116.84 W
2026/06/28 18:57:59.665, 0, NVIDIA H100 80GB HBM3, 0 %, 0 %, 541 MiB, 81559 MiB, 116.84 W
2026/06/28 18:58:00.707, 0, NVIDIA H100 80GB HBM3, 0 %, 0 %, 541 MiB, 81559 MiB, 116.84 W
2026/06/28 18:58:01.746, 0, NVIDIA H100 80GB HBM3, 0 %, 0 %, 541 MiB, 81559 MiB, 116.90 W
2026/06/28 18:58:02.791, 0, NVIDIA H100 80GB HBM3, 0 %, 0 %, 541 MiB, 81559 MiB, 116.95 W
2026/06/28 18:58:03.832, 0, NVIDIA H100 80GB HBM3, 0 %, 0 %, 541 MiB, 81559 MiB, 116.86 W
2026/06/28 18:58:04.875, 0, NVIDIA H100 80GB HBM3, 0 %, 0 %, 541 MiB, 81559 MiB, 116.87 W
2026/06/28 18:58:05.915, 0, NVIDIA H100 80GB HBM3, 0 %, 0 %, 541 MiB, 81559 MiB, 116.84 W
2026/06/28 18:58:06.952, 0, NVIDIA H100 80GB HBM3, 0 %, 0 %, 545 MiB, 81559 MiB, 116.87 W
2026/06/28 18:58:07.989, 0, NVIDIA H100 80GB HBM3, 0 %, 0 %, 541 MiB, 81559 MiB, 116.95 W
2026/06/28 18:58:09.023, 0, NVIDIA H100 80GB HBM3, 0 %, 0 %, 541 MiB, 81559 MiB, 116.84 W
2026/06/28 18:58:10.062, 0, NVIDIA H100 80GB HBM3, 0 %, 0 %, 541 MiB, 81559 MiB, 116.86 W
2026/06/28 18:58:11.100, 0, NVIDIA H100 80GB HBM3, 0 %, 0 %, 541 MiB, 81559 MiB, 116.90 W
2026/06/28 18:58:12.145, 0, NVIDIA H100 80GB HBM3, 0 %, 0 %, 545 MiB, 81559 MiB, 116.83 W
2026/06/28 18:58:13.183, 0, NVIDIA H100 80GB HBM3, 3 %, 0 %, 541 MiB, 81559 MiB, 116.94 W
2026/06/28 18:58:14.225, 0, NVIDIA H100 80GB HBM3, 0 %, 0 %, 541 MiB, 81559 MiB, 116.89 W
2026/06/28 18:58:15.266, 0, NVIDIA H100 80GB HBM3, 0 %, 0 %, 541 MiB, 81559 MiB, 116.93 W
2026/06/28 18:58:16.312, 0, NVIDIA H100 80GB HBM3, 0 %, 0 %, 541 MiB, 81559 MiB, 116.85 W
2026/06/28 18:58:17.355, 0, NVIDIA H100 80GB HBM3, 0 %, 0 %, 541 MiB, 81559 MiB, 116.86 W
2026/06/28 18:58:18.395, 0, NVIDIA H100 80GB HBM3, 4 %, 0 %, 541 MiB, 81559 MiB, 116.94 W
2026/06/28 18:58:19.434, 0, NVIDIA H100 80GB HBM3, 0 %, 0 %, 541 MiB, 81559 MiB, 116.90 W
2026/06/28 18:58:20.471, 0, NVIDIA H100 80GB HBM3, 0 %, 0 %, 541 MiB, 81559 MiB, 116.82 W
2026/06/28 18:58:21.509, 0, NVIDIA H100 80GB HBM3, 0 %, 0 %, 541 MiB, 81559 MiB, 116.86 W
2026/06/28 18:58:22.552, 0, NVIDIA H100 80GB HBM3, 0 %, 0 %, 541 MiB, 81559 MiB, 116.88 W
2026/06/28 18:58:23.593, 0, NVIDIA H100 80GB HBM3, 4 %, 0 %, 541 MiB, 81559 MiB, 116.94 W
2026/06/28 18:58:24.636, 0, NVIDIA H100 80GB HBM3, 0 %, 0 %, 541 MiB, 81559 MiB, 116.82 W
2026/06/28 18:58:25.678, 0, NVIDIA H100 80GB HBM3, 0 %, 0 %, 541 MiB, 81559 MiB, 116.87 W
2026/06/28 18:58:26.716, 0, NVIDIA H100 80GB HBM3, 0 %, 0 %, 541 MiB, 81559 MiB, 116.90 W
2026/06/28 18:58:27.754, 0, NVIDIA H100 80GB HBM3, 0 %, 0 %, 541 MiB, 81559 MiB, 116.89 W
2026/06/28 18:58:28.794, 0, NVIDIA H100 80GB HBM3, 4 %, 0 %, 541 MiB, 81559 MiB, 116.88 W
2026/06/28 18:58:29.836, 0, NVIDIA H100 80GB HBM3, 0 %, 0 %, 541 MiB, 81559 MiB, 116.84 W
2026/06/28 18:58:30.874, 0, NVIDIA H100 80GB HBM3, 0 %, 0 %, 541 MiB, 81559 MiB, 116.88 W
2026/06/28 18:58:31.916, 0, NVIDIA H100 80GB HBM3, 0 %, 0 %, 541 MiB, 81559 MiB, 116.89 W
2026/06/28 18:58:32.950, 0, NVIDIA H100 80GB HBM3, 0 %, 0 %, 541 MiB, 81559 MiB, 116.91 W
2026/06/28 18:58:33.995, 0, NVIDIA H100 80GB HBM3, 4 %, 0 %, 541 MiB, 81559 MiB, 116.91 W
2026/06/28 18:58:35.034, 0, NVIDIA H100 80GB HBM3, 0 %, 0 %, 541 MiB, 81559 MiB, 116.83 W
2026/06/28 18:58:36.074, 0, NVIDIA H100 80GB HBM3, 0 %, 0 %, 541 MiB, 81559 MiB, 116.86 W
2026/06/28 18:58:37.116, 0, NVIDIA H100 80GB HBM3, 0 %, 0 %, 541 MiB, 81559 MiB, 116.85 W
2026/06/28 18:58:38.155, 0, NVIDIA H100 80GB HBM3, 0 %, 0 %, 541 MiB, 81559 MiB, 116.93 W
2026/06/28 18:58:39.195, 0, NVIDIA H100 80GB HBM3, 4 %, 0 %, 541 MiB, 81559 MiB, 116.85 W
2026/06/28 18:58:40.232, 0, NVIDIA H100 80GB HBM3, 0 %, 0 %, 541 MiB, 81559 MiB, 116.87 W
2026/06/28 18:58:41.273, 0, NVIDIA H100 80GB HBM3, 0 %, 0 %, 541 MiB, 81559 MiB, 116.89 W
2026/06/28 18:58:42.312, 0, NVIDIA H100 80GB HBM3, 0 %, 0 %, 541 MiB, 81559 MiB, 116.86 W
2026/06/28 18:58:43.350, 0, NVIDIA H100 80GB HBM3, 0 %, 0 %, 541 MiB, 81559 MiB, 116.98 W
2026/06/28 18:58:44.388, 0, NVIDIA H100 80GB HBM3, 4 %, 0 %, 541 MiB, 81559 MiB, 116.91 W
2026/06/28 18:58:45.425, 0, NVIDIA H100 80GB HBM3, 0 %, 0 %, 541 MiB, 81559 MiB, 116.82 W
2026/06/28 18:58:46.462, 0, NVIDIA H100 80GB HBM3, 0 %, 0 %, 541 MiB, 81559 MiB, 116.84 W
2026/06/28 18:58:47.503, 0, NVIDIA H100 80GB HBM3, 0 %, 0 %, 541 MiB, 81559 MiB, 116.82 W
2026/06/28 18:58:48.545, 0, NVIDIA H100 80GB HBM3, 0 %, 0 %, 541 MiB, 81559 MiB, 116.95 W
2026/06/28 18:58:49.581, 0, NVIDIA H100 80GB HBM3, 3 %, 0 %, 541 MiB, 81559 MiB, 116.86 W
2026/06/28 18:58:50.623, 0, NVIDIA H100 80GB HBM3, 0 %, 0 %, 541 MiB, 81559 MiB, 116.82 W
2026/06/28 18:58:51.660, 0, NVIDIA H100 80GB HBM3, 0 %, 0 %, 541 MiB, 81559 MiB, 116.83 W
2026/06/28 18:58:52.702, 0, NVIDIA H100 80GB HBM3, 0 %, 0 %, 541 MiB, 81559 MiB, 116.90 W
2026/06/28 18:58:53.740, 0, NVIDIA H100 80GB HBM3, 0 %, 0 %, 541 MiB, 81559 MiB, 116.96 W
2026/06/28 18:58:54.779, 0, NVIDIA H100 80GB HBM3, 1 %, 0 %, 541 MiB, 81559 MiB, 116.82 W
2026/06/28 18:58:55.819, 0, NVIDIA H100 80GB HBM3, 0 %, 0 %, 541 MiB, 81559 MiB, 116.87 W
2026/06/28 18:58:56.858, 0, NVIDIA H100 80GB HBM3, 0 %, 0 %, 541 MiB, 81559 MiB, 116.83 W
2026/06/28 18:58:57.893, 0, NVIDIA H100 80GB HBM3, 0 %, 0 %, 541 MiB, 81559 MiB, 116.87 W
2026/06/28 18:58:58.931, 0, NVIDIA H100 80GB HBM3, 0 %, 0 %, 541 MiB, 81559 MiB, 116.95 W
2026/06/28 18:58:59.973, 0, NVIDIA H100 80GB HBM3, 0 %, 0 %, 541 MiB, 81559 MiB, 116.79 W
2026/06/28 18:59:01.008, 0, NVIDIA H100 80GB HBM3, 0 %, 0 %, 541 MiB, 81559 MiB, 116.85 W
2026/06/28 18:59:02.047, 0, NVIDIA H100 80GB HBM3, 0 %, 0 %, 541 MiB, 81559 MiB, 116.84 W
2026/06/28 18:59:03.084, 0, NVIDIA H100 80GB HBM3, 0 %, 0 %, 541 MiB, 81559 MiB, 116.87 W
2026/06/28 18:59:04.122, 0, NVIDIA H100 80GB HBM3, 1 %, 0 %, 541 MiB, 81559 MiB, 116.86 W
2026/06/28 18:59:05.161, 0, NVIDIA H100 80GB HBM3, 0 %, 0 %, 541 MiB, 81559 MiB, 116.96 W
2026/06/28 18:59:06.201, 0, NVIDIA H100 80GB HBM3, 0 %, 0 %, 541 MiB, 81559 MiB, 116.88 W
2026/06/28 18:59:07.239, 0, NVIDIA H100 80GB HBM3, 0 %, 0 %, 541 MiB, 81559 MiB, 116.92 W
2026/06/28 18:59:08.278, 0, NVIDIA H100 80GB HBM3, 0 %, 0 %, 541 MiB, 81559 MiB, 116.85 W
2026/06/28 18:59:09.319, 0, NVIDIA H100 80GB HBM3, 3 %, 0 %, 541 MiB, 81559 MiB, 116.93 W
2026/06/28 18:59:10.356, 0, NVIDIA H100 80GB HBM3, 0 %, 0 %, 541 MiB, 81559 MiB, 116.88 W
2026/06/28 18:59:11.395, 0, NVIDIA H100 80GB HBM3, 0 %, 0 %, 541 MiB, 81559 MiB, 116.90 W
2026/06/28 18:59:12.438, 0, NVIDIA H100 80GB HBM3, 0 %, 0 %, 541 MiB, 81559 MiB, 116.87 W
2026/06/28 18:59:13.481, 0, NVIDIA H100 80GB HBM3, 0 %, 0 %, 541 MiB, 81559 MiB, 116.87 W
2026/06/28 18:59:14.520, 0, NVIDIA H100 80GB HBM3, 4 %, 0 %, 541 MiB, 81559 MiB, 116.91 W
2026/06/28 18:59:15.561, 0, NVIDIA H100 80GB HBM3, 0 %, 0 %, 541 MiB, 81559 MiB, 116.80 W
2026/06/28 18:59:16.604, 0, NVIDIA H100 80GB HBM3, 0 %, 0 %, 541 MiB, 81559 MiB, 116.89 W
2026/06/28 18:59:17.648, 0, NVIDIA H100 80GB HBM3, 0 %, 0 %, 541 MiB, 81559 MiB, 116.93 W
2026/06/28 18:59:18.688, 0, NVIDIA H100 80GB HBM3, 0 %, 0 %, 541 MiB, 81559 MiB, 116.86 W
2026/06/28 18:59:19.728, 0, NVIDIA H100 80GB HBM3, 4 %, 0 %, 541 MiB, 81559 MiB, 116.93 W
2026/06/28 18:59:20.769, 0, NVIDIA H100 80GB HBM3, 0 %, 0 %, 541 MiB, 81559 MiB, 116.85 W
2026/06/28 18:59:21.809, 0, NVIDIA H100 80GB HBM3, 0 %, 0 %, 541 MiB, 81559 MiB, 116.90 W
2026/06/28 18:59:22.852, 0, NVIDIA H100 80GB HBM3, 0 %, 0 %, 541 MiB, 81559 MiB, 116.84 W
2026/06/28 18:59:23.886, 0, NVIDIA H100 80GB HBM3, 0 %, 0 %, 541 MiB, 81559 MiB, 116.85 W
2026/06/28 18:59:24.929, 0, NVIDIA H100 80GB HBM3, 4 %, 0 %, 541 MiB, 81559 MiB, 116.92 W
2026/06/28 18:59:25.971, 0, NVIDIA H100 80GB HBM3, 0 %, 0 %, 541 MiB, 81559 MiB, 116.91 W
2026/06/28 18:59:27.013, 0, NVIDIA H100 80GB HBM3, 0 %, 0 %, 541 MiB, 81559 MiB, 116.85 W
2026/06/28 18:59:28.052, 0, NVIDIA H100 80GB HBM3, 0 %, 0 %, 541 MiB, 81559 MiB, 116.90 W
2026/06/28 18:59:29.093, 0, NVIDIA H100 80GB HBM3, 0 %, 0 %, 561 MiB, 81559 MiB, 116.87 W
2026/06/28 18:59:30.127, 0, NVIDIA H100 80GB HBM3, 4 %, 0 %, 541 MiB, 81559 MiB, 116.94 W
2026/06/28 18:59:31.165, 0, NVIDIA H100 80GB HBM3, 0 %, 0 %, 541 MiB, 81559 MiB, 116.87 W
2026/06/28 18:59:32.204, 0, NVIDIA H100 80GB HBM3, 0 %, 0 %, 541 MiB, 81559 MiB, 116.93 W
2026/06/28 18:59:33.244, 0, NVIDIA H100 80GB HBM3, 0 %, 0 %, 541 MiB, 81559 MiB, 116.88 W
2026/06/28 18:59:34.280, 0, NVIDIA H100 80GB HBM3, 0 %, 0 %, 541 MiB, 81559 MiB, 116.81 W
2026/06/28 18:59:35.319, 0, NVIDIA H100 80GB HBM3, 4 %, 0 %, 541 MiB, 81559 MiB, 116.86 W
2026/06/28 18:59:36.363, 0, NVIDIA H100 80GB HBM3, 0 %, 0 %, 541 MiB, 81559 MiB, 116.85 W
2026/06/28 18:59:37.399, 0, NVIDIA H100 80GB HBM3, 0 %, 0 %, 541 MiB, 81559 MiB, 116.84 W
2026/06/28 18:59:38.438, 0, NVIDIA H100 80GB HBM3, 0 %, 0 %, 541 MiB, 81559 MiB, 116.84 W
2026/06/28 18:59:39.481, 0, NVIDIA H100 80GB HBM3, 0 %, 0 %, 545 MiB, 81559 MiB, 116.87 W
2026/06/28 18:59:40.520, 0, NVIDIA H100 80GB HBM3, 4 %, 0 %, 541 MiB, 81559 MiB, 116.98 W
2026/06/28 18:59:41.561, 0, NVIDIA H100 80GB HBM3, 0 %, 0 %, 541 MiB, 81559 MiB, 116.86 W
2026/06/28 18:59:42.603, 0, NVIDIA H100 80GB HBM3, 0 %, 0 %, 541 MiB, 81559 MiB, 116.84 W
2026/06/28 18:59:43.643, 0, NVIDIA H100 80GB HBM3, 0 %, 0 %, 541 MiB, 81559 MiB, 116.88 W
2026/06/28 18:59:44.684, 0, NVIDIA H100 80GB HBM3, 0 %, 0 %, 545 MiB, 81559 MiB, 116.88 W
2026/06/28 18:59:45.722, 0, NVIDIA H100 80GB HBM3, 4 %, 0 %, 541 MiB, 81559 MiB, 116.93 W
2026/06/28 18:59:46.767, 0, NVIDIA H100 80GB HBM3, 0 %, 0 %, 541 MiB, 81559 MiB, 116.83 W
2026/06/28 18:59:47.805, 0, NVIDIA H100 80GB HBM3, 0 %, 0 %, 541 MiB, 81559 MiB, 116.85 W
2026/06/28 18:59:48.846, 0, NVIDIA H100 80GB HBM3, 0 %, 0 %, 541 MiB, 81559 MiB, 116.86 W
2026/06/28 18:59:49.885, 0, NVIDIA H100 80GB HBM3, 0 %, 0 %, 541 MiB, 81559 MiB, 116.92 W
2026/06/28 18:59:50.925, 0, NVIDIA H100 80GB HBM3, 4 %, 0 %, 541 MiB, 81559 MiB, 116.93 W
2026/06/28 18:59:51.964, 0, NVIDIA H100 80GB HBM3, 0 %, 0 %, 541 MiB, 81559 MiB, 116.87 W
2026/06/28 18:59:52.999, 0, NVIDIA H100 80GB HBM3, 0 %, 0 %, 541 MiB, 81559 MiB, 116.87 W
2026/06/28 18:59:54.042, 0, NVIDIA H100 80GB HBM3, 0 %, 0 %, 541 MiB, 81559 MiB, 116.91 W
2026/06/28 18:59:55.084, 0, NVIDIA H100 80GB HBM3, 0 %, 0 %, 541 MiB, 81559 MiB, 116.88 W
2026/06/28 18:59:56.123, 0, NVIDIA H100 80GB HBM3, 3 %, 0 %, 541 MiB, 81559 MiB, 116.90 W
2026/06/28 18:59:57.160, 0, NVIDIA H100 80GB HBM3, 0 %, 0 %, 541 MiB, 81559 MiB, 116.85 W
2026/06/28 18:59:58.199, 0, NVIDIA H100 80GB HBM3, 0 %, 0 %, 541 MiB, 81559 MiB, 116.83 W
2026/06/28 18:59:59.241, 0, NVIDIA H100 80GB HBM3, 0 %, 0 %, 541 MiB, 81559 MiB, 116.80 W
2026/06/28 19:00:00.283, 0, NVIDIA H100 80GB HBM3, 0 %, 0 %, 541 MiB, 81559 MiB, 116.85 W
2026/06/28 19:00:01.322, 0, NVIDIA H100 80GB HBM3, 1 %, 0 %, 541 MiB, 81559 MiB, 117.00 W
2026/06/28 19:00:02.361, 0, NVIDIA H100 80GB HBM3, 0 %, 0 %, 541 MiB, 81559 MiB, 116.84 W
2026/06/28 19:00:03.399, 0, NVIDIA H100 80GB HBM3, 0 %, 0 %, 541 MiB, 81559 MiB, 116.82 W
2026/06/28 19:00:04.443, 0, NVIDIA H100 80GB HBM3, 0 %, 0 %, 541 MiB, 81559 MiB, 116.88 W
2026/06/28 19:00:05.486, 0, NVIDIA H100 80GB HBM3, 0 %, 0 %, 541 MiB, 81559 MiB, 116.77 W
2026/06/28 19:00:06.525, 0, NVIDIA H100 80GB HBM3, 3 %, 0 %, 541 MiB, 81559 MiB, 116.95 W
2026/06/28 19:00:07.564, 0, NVIDIA H100 80GB HBM3, 0 %, 0 %, 541 MiB, 81559 MiB, 116.80 W
2026/06/28 19:00:08.603, 0, NVIDIA H100 80GB HBM3, 0 %, 0 %, 541 MiB, 81559 MiB, 116.83 W
2026/06/28 19:00:09.645, 0, NVIDIA H100 80GB HBM3, 0 %, 0 %, 541 MiB, 81559 MiB, 116.87 W
2026/06/28 19:00:10.682, 0, NVIDIA H100 80GB HBM3, 0 %, 0 %, 541 MiB, 81559 MiB, 116.87 W
2026/06/28 19:00:11.723, 0, NVIDIA H100 80GB HBM3, 3 %, 0 %, 541 MiB, 81559 MiB, 116.94 W
2026/06/28 19:00:12.766, 0, NVIDIA H100 80GB HBM3, 0 %, 0 %, 541 MiB, 81559 MiB, 116.85 W
2026/06/28 19:00:13.807, 0, NVIDIA H100 80GB HBM3, 0 %, 0 %, 541 MiB, 81559 MiB, 116.84 W
2026/06/28 19:00:14.850, 0, NVIDIA H100 80GB HBM3, 0 %, 0 %, 541 MiB, 81559 MiB, 116.85 W
2026/06/28 19:00:15.889, 0, NVIDIA H100 80GB HBM3, 0 %, 0 %, 541 MiB, 81559 MiB, 116.94 W
2026/06/28 19:00:16.923, 0, NVIDIA H100 80GB HBM3, 4 %, 0 %, 541 MiB, 81559 MiB, 116.89 W
2026/06/28 19:00:17.960, 0, NVIDIA H100 80GB HBM3, 0 %, 0 %, 541 MiB, 81559 MiB, 116.95 W
2026/06/28 19:00:18.998, 0, NVIDIA H100 80GB HBM3, 0 %, 0 %, 541 MiB, 81559 MiB, 116.86 W
2026/06/28 19:00:20.037, 0, NVIDIA H100 80GB HBM3, 0 %, 0 %, 541 MiB, 81559 MiB, 116.90 W
2026/06/28 19:00:21.077, 0, NVIDIA H100 80GB HBM3, 0 %, 0 %, 541 MiB, 81559 MiB, 116.95 W
2026/06/28 19:00:22.114, 0, NVIDIA H100 80GB HBM3, 4 %, 0 %, 541 MiB, 81559 MiB, 116.91 W
2026/06/28 19:00:23.156, 0, NVIDIA H100 80GB HBM3, 0 %, 0 %, 541 MiB, 81559 MiB, 116.89 W
2026/06/28 19:00:24.192, 0, NVIDIA H100 80GB HBM3, 0 %, 0 %, 541 MiB, 81559 MiB, 116.83 W
